Siruta,Localitate,Categorie
1017,Municipiul Alba Iulia,Femei_35-44
1071,Ciugud,Femei_65_
1151,Oras Abrud,Femei_35-44
1213,Municipiul Aiud,Femei_35-44
1348,Municipiul Blaj,Femei_35-44
1455,Oras Campeni,Femei_35-44
1696,Oras Cugir,Femei_35-44
1794,Oras Ocna Mures,Femei_35-44
1874,Municipiul Sebes,Femei_35-44
1936,Oras Zlatna,Femei_35-44
2130,Albac,Femei_35-44
2309,Almasu Mare,Femei_35-44
2381,Arieseni,Femei_35-44
2577,Avram Iancu,Femei_35-44
2915,Oras Baia De Aries,Barbati_25-34
2988,Berghin,Femei_35-44
3039,Bistra,Femei_35-44
3397,Blandiana,Femei_35-44
3459,Bucium,Femei_35-44
3761,Cenade,Femei_35-44
3805,Cergau,Femei_35-44
3841,Ceru-Bacainti,Femei_35-44
3958,Cetatea De Balta,Femei_35-44
4008,Ciuruleasa,Femei_35-44
4106,Calnic,Femei_35-44
4142,Cricau,Femei_35-44
4188,Craciunelu De Jos,Femei_35-44
4240,Daia Romana,Femei_35-44
4268,Dostat,Femei_35-44
4302,Farau,Femei_35-44
4366,Galda De Jos,Femei_35-44
4482,Garbova,Femei_35-44
4525,Garda De Sus,Femei_35-44
4703,Hoparta,Femei_35-44
4767,Horea,Femei_35-44
4927,Ighiu,Femei_35-44
4981,Intregalde,Femei_35-44
5103,Jidvei,Femei_35-44
5167,Livezile,Femei_35-44
5210,Lopadea Noua,Femei_35-44
5309,Lunca Muresului,Femei_35-44
5336,Lupsa,Femei_35-44
5577,Metes,Femei_35-44
5700,Mihalt,Femei_35-44
5755,Miraslau,Femei_35-44
5826,Mogos,Femei_35-44
6048,Noslac,Femei_35-44
6119,Ocolis,Femei_35-44
6164,Ohaba,Femei_35-44
6217,Pianu,Femei_35-44
6271,Poiana Vadului,Femei_35-44
6397,Ponor,Femei_35-44
6468,Posaga,Femei_35-44
6547,Radesti,Femei_35-44
6592,Rametea,Femei_35-44
6627,Ramet,Femei_35-44
6761,Rosia Montana,Femei_35-44
6930,Rosia De Secas,Femei_35-44
6976,Salciua,Femei_35-44
7044,Salistea,Femei_35-44
7099,Sasciori,Femei_35-44
7197,Scarisoara,Femei_35-44
7348,Sancel,Femei_35-44
7384,Santimbru,Femei_35-44
7446,Sohodol,Femei_35-44
7767,Stremt,Femei_35-44
7810,Sibot,Femei_35-44
7865,Sona,Femei_35-44
7945,Spring,Femei_35-44
8014,Sugag,Femei_35-44
8096,Oras Teius,Femei_35-44
8158,Unirea,Femei_35-44
8229,Vadu Motilor,Femei_35-44
8354,Valea Lunga,Femei_35-44
8425,Vidra,Femei_35-44
8826,Vintu De Jos,Femei_35-44
9019,Cut,Femei_35-44
9026,Bucerdea Granoasa,Femei_35-44
9262,Municipiul Arad,Femei_35-44
9280,Fantanele,Femei_35-44
9333,Livada,Femei_35-44
9360,Sofronea,Femei_35-44
9397,Vladimirescu,Femei_35-44
9459,Oras Chisineu-Cris,Femei_35-44
9495,Oras Curtici,Femei_35-44
9538,Oras Ineu,Femei_35-44
9574,Oras Lipova,Femei_35-44
9627,Oras Nadlac,Femei_35-44
9654,Oras Pancota,Femei_35-44
9690,Oras Sebis,Femei_35-44
9743,Almas,Femei_35-44
9798,Apateu,Femei_35-44
9832,Archis,Femei_35-44
9887,Bata,Femei_35-44
9930,Beliu,Femei_35-44
10006,Birchis,Femei_35-44
10051,Barsa,Femei_35-44
10104,Barzava,Femei_35-44
10195,Bocsig,Femei_35-44
10239,Brazii,Femei_35-44
10293,Buteni,Femei_35-44
10346,Carand,Femei_35-44
10373,Cermei,Femei_35-44
10417,Chisindia,Femei_35-44
10453,Conop,Femei_35-44
10514,Covasint,Femei_35-44
10532,Craiva,Femei_35-44
10649,Dezna,Femei_35-44
10701,Dieci,Femei_35-44
10765,Ususau,Femei_35-44
10827,Felnac,Femei_35-44
10872,Ghioroc,Femei_35-44
10916,Graniceri,Femei_35-44
10943,Gurahont,Femei_35-44
11058,Halmagiu,Femei_35-44
11174,Halmagel,Femei_35-44
11236,Hasmas,Femei_35-44
11307,Ignesti,Femei_35-44
11352,Iratosu,Femei_35-44
11398,Macea,Femei_35-44
11423,Misca,Femei_35-44
11478,Moneasa,Femei_35-44
11502,Olari,Femei_35-44
11539,Paulis,Femei_35-44
11584,Oras Pecica,Femei_35-44
11637,Peregu Mare,Femei_35-44
11664,Petris,Femei_35-44
11735,Pilu,Femei_35-44
11762,Plescuta,Femei_35-44
11842,Savarsin,Femei_35-44
11940,Secusigiu,Femei_35-44
11995,Seleus,Femei_35-44
12037,Semlac,Femei_35-44
12055,Sintea Mare,Femei_35-44
12091,Oras Santana,Femei_35-44
12126,Socodor,Femei_35-44
12144,Sagu,Femei_35-44
12206,Seitin,Femei_35-44
12224,Sepreus,Femei_35-44
12242,Sicula,Femei_35-44
12288,Silindia,Femei_35-44
12340,Simand,Femei_35-44
12368,Siria,Femei_35-44
12402,Sistarovat,Femei_35-44
12457,Taut,Femei_35-44
12509,Tarnova,Femei_35-44
12572,Varadia De Mures,Femei_35-44
12643,Vinga,Femei_35-44
12689,Varfurile,Femei_35-44
12778,Zabrani,Femei_35-44
12812,Zarand,Femei_35-44
12849,Zerind,Femei_35-44
12876,Zimandu Nou,Femei_35-44
12912,Dorobanti,Femei_35-44
12920,Frumuseni,Femei_35-44
12938,Zadareni,Femei_35-44
13169,Municipiul Pitesti,Femei_35-44
13187,Bascov,Femei_35-44
13276,Bradu,Femei_35-44
13301,Oras Mioveni,Femei_35-44
13365,Maracineni,Femei_35-44
13392,Oras Stefanesti,Femei_35-44
13490,Municipiul Campulung,Femei_35-44
13524,Valea Mare Pravat,Femei_35-44
13622,Municipiul Curtea De Arges,Femei_35-44
13668,Oras Costesti,Femei_35-44
13757,Oras Topoloveni,Femei_35-44
13819,Albestii De Arges,Femei_35-44
13891,Albestii De Muscel,Femei_35-44
13935,Albota,Femei_35-44
13999,Aninoasa,Femei_35-44
14049,Arefu,Femei_35-44
14085,Babana,Femei_35-44
14165,Baiculesti,Femei_35-44
14272,Balilesti,Femei_35-44
14352,Beleti-Negresti,Femei_35-44
14405,Berevoesti,Femei_35-44
14450,Barla,Femei_35-44
14584,Bogati,Femei_35-44
14673,Boteni,Femei_35-44
14726,Botesti,Femei_35-44
14753,Bradulet,Femei_35-44
14851,Budeasa,Femei_35-44
14922,Bughea De Jos,Femei_35-44
14940,Buzoesti,Femei_35-44
15064,Caldararu,Femei_35-44
15108,Calinesti,Femei_35-44
15233,Cateasca,Femei_35-44
15313,Cepari,Femei_35-44
15402,Cetateni,Femei_35-44
15448,Cicanesti,Femei_35-44
15493,Ciofrangeni,Femei_35-44
15554,Ciomagesti,Femei_35-44
15652,Cocu,Femei_35-44
15741,Corbeni,Femei_35-44
15830,Corbi,Femei_35-44
15901,Cosesti,Femei_35-44
15983,Cotmeana,Femei_35-44
16132,Cuca,Femei_35-44
16285,Davidesti,Femei_35-44
16329,Dambovicioara,Femei_35-44
16365,Darmanesti,Femei_35-44
16427,Dobresti,Femei_35-44
16454,Domnesti,Femei_35-44
16472,Dragoslavele,Femei_35-44
16506,Draganu,Femei_35-44
16551,Godeni,Femei_35-44
16613,Harsesti,Femei_35-44
16659,Hartiesti,Femei_35-44
16739,Izvoru,Femei_35-44
16757,Leordeni,Femei_35-44
16908,Leresti,Femei_35-44
16944,Lunca Corbului,Femei_35-44
17049,Malureni,Femei_35-44
17101,Merisani,Femei_35-44
17209,Micesti,Femei_35-44
17254,Mihaesti,Femei_35-44
17334,Mioarele,Femei_35-44
17398,Mirosi,Femei_35-44
17423,Moraresti,Femei_35-44
17496,Mosoaia,Femei_35-44
17575,Mozaceni,Femei_35-44
17619,Musatesti,Femei_35-44
17726,Negrasi,Femei_35-44
17771,Nucsoara,Femei_35-44
17824,Oarja,Femei_35-44
17851,Pietrosani,Femei_35-44
17913,Poienarii De Arges,Femei_35-44
17968,Poienarii De Muscel,Femei_35-44
18028,Poiana Lacului,Femei_35-44
18162,Popesti,Femei_35-44
18242,Priboieni,Femei_35-44
18331,Ratesti,Femei_35-44
18411,Recea,Femei_35-44
18475,Rociu,Femei_35-44
18527,Rucar,Femei_35-44
18554,Salatrucu,Femei_35-44
18581,Sapata,Femei_35-44
18670,Schitu Golesti,Femei_35-44
18741,Slobozia,Femei_35-44
18778,Stalpeni,Femei_35-44
18858,Stoenesti,Femei_35-44
18938,Stolnici,Femei_35-44
19007,Suseni,Femei_35-44
19114,Stefan Cel Mare,Femei_35-44
19141,Suici,Femei_35-44
19212,Teiu,Femei_35-44
19249,Tigveni,Femei_35-44
19338,Titesti,Femei_35-44
19392,Uda,Femei_35-44
19560,Ungheni,Femei_35-44
19631,Valea Danului,Femei_35-44
19695,Valea Iasului,Femei_35-44
19793,Vedea,Femei_35-44
19999,Vladesti,Femei_35-44
20048,Raca,Femei_35-44
20055,Vulturesti,Femei_35-44
20063,Bughea De Sus,Femei_35-44
20297,Municipiul Bacau,Femei_35-44
20313,Hemeius,Femei_35-44
20359,Letea Veche,Femei_35-44
20411,Magura,Femei_35-44
20466,Margineni,Femei_35-44
20563,Municipiul Onesti,Femei_35-44
20607,Gura Vaii,Femei_35-44
20670,Stefan Cel Mare,Femei_35-44
20778,Oras Buhusi,Femei_35-44
20821,Oras Comanesti,Femei_35-44
20876,Municipiul Moinesti,Femei_35-44
20910,Oras Slanic-Moldova,Femei_35-44
20965,Oras Targu Ocna,Femei_35-44
21007,Agas,Femei_35-44
21098,Ardeoani,Femei_35-44
21123,Asau,Femei_35-44
21196,Balcani,Femei_35-44
21249,Beresti-Bistrita,Femei_35-44
21338,Beresti-Tazlau,Femei_35-44
21418,Berzunti,Femei_35-44
21454,Barsanesti,Femei_35-44
21506,Blagesti,Femei_35-44
21560,Bogdanesti,Femei_35-44
21597,Brusturoasa,Femei_35-44
21668,Buhoci,Femei_35-44
21720,Casin,Femei_35-44
21757,Caiuti,Femei_35-44
21855,Cleja,Femei_35-44
21891,Colonesti,Femei_35-44
21971,Corbasca,Femei_35-44
22059,Cotofanesti,Femei_35-44
22111,Damienesti,Femei_35-44
22166,Oras Darmanesti,Femei_35-44
22237,Dealu Morii,Femei_35-44
22380,Dofteana,Femei_35-44
22460,Faraoani,Femei_35-44
22488,Filipeni,Femei_35-44
22576,Filipesti,Femei_35-44
22665,Gaiceana,Femei_35-44
22718,Ghimes-Faget,Femei_35-44
22781,Garleni,Femei_35-44
22834,Glavanesti,Femei_35-44
22898,Helegiu,Femei_35-44
22941,Horgesti,Femei_35-44
23047,Huruiesti,Femei_35-44
23127,Izvoru Berheciului,Femei_35-44
23207,Lipova,Femei_35-44
23289,Livezi,Femei_35-44
23350,Luizi-Calugara,Femei_35-44
23387,Magiresti,Femei_35-44
23449,Manastirea Casin,Femei_35-44
23494,Motoseni,Femei_35-44
23644,Negri,Femei_35-44
23715,Nicolae Balcescu,Femei_35-44
23797,Oituz,Femei_35-44
23868,Oncesti,Femei_35-44
23948,Orbeni,Femei_35-44
23975,Palanca,Femei_35-44
24034,Parava,Femei_35-44
24089,Parincea,Femei_35-44
24187,Pancesti,Femei_35-44
24276,Pargaresti,Femei_35-44
24338,Parjol,Femei_35-44
24427,Plopana,Femei_35-44
24524,Podu Turcului,Femei_35-44
24631,Poduri,Femei_35-44
24711,Racova,Femei_35-44
24766,Racaciuni,Femei_35-44
24837,Rachitoasa,Femei_35-44
24999,Rosiori,Femei_35-44
25068,Sascut,Femei_35-44
25148,Sanduleni,Femei_35-44
25228,Saucesti,Femei_35-44
25291,Scorteni,Femei_35-44
25362,Secuieni,Femei_35-44
25488,Solont,Femei_35-44
25521,Stanisesti,Femei_35-44
25629,Strugari,Femei_35-44
25692,Tamasi,Femei_35-44
25745,Tatarasti,Femei_35-44
25825,Targu Trotus,Femei_35-44
25861,Traian,Femei_35-44
25932,Ungureni,Femei_35-44
26029,Urechesti,Femei_35-44
26083,Valea Seaca,Femei_35-44
26118,Vultureni,Femei_35-44
26289,Zemes,Femei_35-44
26320,Sarata,Femei_35-44
26338,Buciumi,Femei_35-44
26346,Gioseni,Femei_35-44
26353,Odobesti,Femei_35-44
26361,Prajesti,Femei_35-44
26379,Itesti,Femei_35-44
26564,Municipiul Oradea,Femei_35-44
26582,Sanmartin,Femei_35-44
26653,Santandrei,Femei_35-44
26699,Oras Alesd,Femei_35-44
26742,Astileu,Femei_35-44
26804,Municipiul Beius,Femei_35-44
26840,Oras Stei,Femei_35-44
26877,Municipiul Marghita,Femei_35-44
26920,Oras Nucet,Femei_35-44
26975,Municipiul Salonta,Femei_35-44
27007,Oras Vascau,Femei_35-44
27070,Abram,Femei_35-44
27169,Abramut,Femei_35-44
27212,Auseu,Femei_35-44
27285,Avram Iancu,Femei_35-44
27329,Balc,Femei_35-44
27383,Batar,Femei_35-44
27436,Biharia,Femei_35-44
27506,Boianu Mare,Femei_35-44
27560,Borod,Femei_35-44
27631,Bors,Femei_35-44
27686,Bratca,Femei_35-44
27757,Brusturi,Femei_35-44
27846,Budureasa,Femei_35-44
27908,Buduslau,Femei_35-44
27935,Bulz,Femei_35-44
27971,Buntesti,Femei_35-44
28077,Cabesti,Femei_35-44
28139,Capalna,Femei_35-44
28193,Carpinet,Femei_35-44
28246,Cefa,Femei_35-44
28335,Ceica,Femei_35-44
28415,Cetariu,Femei_35-44
28497,Cherechiu,Femei_35-44
28530,Chislaz,Femei_35-44
28610,Ciuhoi,Femei_35-44
28665,Ciumeghiu,Femei_35-44
28709,Campani,Femei_35-44
28763,Cociuba Mare,Femei_35-44
28816,Copacel,Femei_35-44
28889,Cristioru De Jos,Femei_35-44
28941,Curatele,Femei_35-44
29001,Curtuiseni,Femei_35-44
29038,Derna,Femei_35-44
29092,Diosig,Femei_35-44
29154,Dobresti,Femei_35-44
29243,Draganesti,Femei_35-44
29341,Dragesti,Femei_35-44
29403,Finis,Femei_35-44
29467,Girisu De Cris,Femei_35-44
29519,Hidiselu De Sus,Femei_35-44
29573,Holod,Femei_35-44
29662,Husasau De Tinca,Femei_35-44
29724,Ineu,Femei_35-44
29760,Lazuri De Beius,Femei_35-44
29813,Lazareni,Femei_35-44
29902,Lugasu De Jos,Femei_35-44
29948,Lunca,Femei_35-44
30014,Madaras,Femei_35-44
30069,Magesti,Femei_35-44
30149,Nojorid,Femei_35-44
30229,Olcea,Femei_35-44
30274,Osorhei,Femei_35-44
30336,Pietroasa,Femei_35-44
30416,Pocola,Femei_35-44
30470,Pomezeu,Femei_35-44
30568,Popesti,Femei_35-44
30648,Rabagani,Femei_35-44
30719,Remetea,Femei_35-44
30773,Rieni,Femei_35-44
30844,Rosia,Femei_35-44
30871,Sacadat,Femei_35-44
30915,Oras Sacueni,Femei_35-44
30988,Salacea,Femei_35-44
31011,Salard,Femei_35-44
31057,Sambata,Femei_35-44
31128,Sarbi,Femei_35-44
31208,Spinus,Femei_35-44
31262,Suplacu De Barcau,Femei_35-44
31333,Simian,Femei_35-44
31379,Sinteu,Femei_35-44
31422,Soimi,Femei_35-44
31510,Suncuius,Femei_35-44
31565,Tarcea,Femei_35-44
31609,Tarcaia,Femei_35-44
31654,Tauteu,Femei_35-44
31716,Tileagd,Femei_35-44
31789,Tinca,Femei_35-44
31841,Tulca,Femei_35-44
31878,Tetchea,Femei_35-44
31921,Uileacu De Beius,Femei_35-44
31976,Vadu Crisului,Femei_35-44
32027,Oras Valea Lui Mihai,Femei_35-44
32045,Viisoara,Femei_35-44
32090,Varciorog,Femei_35-44
32153,Tamaseu,Femei_35-44
32161,Paleu,Femei_35-44
32179,Sannicolau Roman,Femei_35-44
32187,Rosiori,Femei_35-44
32195,Gepiu,Femei_35-44
32201,Toboliu,Femei_35-44
32394,Municipiul Bistrita,Femei_35-44
32483,Oras Beclean,Femei_35-44
32544,Oras Nasaud,Femei_35-44
32599,Oras Sangeorz-Bai,Femei_35-44
32633,Bistrita Bargaului,Femei_35-44
32660,Branistea,Femei_35-44
32704,Budacu De Jos,Femei_35-44
32768,Budesti,Femei_35-44
32811,Caianu Mic,Femei_35-44
32884,Cetate,Femei_35-44
32955,Ciceu-Giurgesti,Femei_35-44
33015,Chiochis,Femei_35-44
33122,Chiuza,Femei_35-44
33177,Cosbuc,Femei_35-44
33202,Dumitra,Femei_35-44
33248,Feldru,Femei_35-44
33275,Galatii Bistritei,Femei_35-44
33337,Ilva Mare,Femei_35-44
33364,Ilva Mica,Femei_35-44
33382,Josenii Bargaului,Femei_35-44
33435,Lechinta,Femei_35-44
33514,Lesu,Femei_35-44
33541,Livezile,Femei_35-44
33603,Lunca Ilvei,Femei_35-44
33621,Maieru,Femei_35-44
33658,Matei,Femei_35-44
33729,Magura Ilvei,Femei_35-44
33765,Mariselu,Femei_35-44
33845,Micestii De Campie,Femei_35-44
33881,Milas,Femei_35-44
33952,Monor,Femei_35-44
33989,Nimigea,Femei_35-44
34075,Nuseni,Femei_35-44
34155,Parva,Femei_35-44
34173,Petru Rares,Femei_35-44
34235,Prundu Bargaului,Femei_35-44
34262,Rebra,Femei_35-44
34280,Rebrisoara,Femei_35-44
34333,Rodna,Femei_35-44
34360,Romuli,Femei_35-44
34397,Salva,Femei_35-44
34422,Silivasu De Campie,Femei_35-44
34477,Sanmihaiu De Campie,Femei_35-44
34547,Spermezeu,Femei_35-44
34618,Sant,Femei_35-44
34645,Sieu,Femei_35-44
34690,Sieu-Magherus,Femei_35-44
34770,Sieu-Odorhei,Femei_35-44
34850,Sieut,Femei_35-44
34903,Sintereag,Femei_35-44
34985,Teaca,Femei_35-44
35054,Telciu,Femei_35-44
35090,Tiha Bargaului,Femei_35-44
35152,Tarlisua,Femei_35-44
35269,Uriu,Femei_35-44
35312,Urmenis,Femei_35-44
35429,Zagra,Femei_35-44
35731,Municipiul Botosani,Femei_35-44
35759,Curtesti,Femei_35-44
35839,Rachiti,Femei_35-44
35884,Stauceni,Femei_35-44
35946,Oras Darabani,Femei_35-44
36006,Municipiul Dorohoi,Femei_35-44
36060,Oras Saveni,Femei_35-44
36131,Albesti,Femei_35-44
36202,Avrameni,Femei_35-44
36300,Baluseni,Femei_35-44
36373,Braesti,Femei_35-44
36426,Broscauti,Femei_35-44
36453,Oras Bucecea,Femei_35-44
36499,Calarasi,Femei_35-44
36532,Concesti,Femei_35-44
36569,Copalau,Femei_35-44
36649,Cordareni,Femei_35-44
36676,Corlateni,Femei_35-44
36756,Corni,Femei_35-44
36809,Cotusca,Femei_35-44
36907,Cristesti,Femei_35-44
36952,Cristinesti,Femei_35-44
37011,Dersca,Femei_35-44
37057,Dangeni,Femei_35-44
37100,Dobarceni,Femei_35-44
37173,Draguseni,Femei_35-44
37217,Durnesti,Femei_35-44
37280,Oras Flamanzi,Femei_35-44
37324,Frumusica,Femei_35-44
37397,George Enescu,Femei_35-44
37459,Gorbanesti,Femei_35-44
37547,Havarna,Femei_35-44
37618,Hanesti,Femei_35-44
37672,Hiliseu-Horia,Femei_35-44
37734,Hlipiceni,Femei_35-44
37770,Hudesti,Femei_35-44
37823,Ibanesti,Femei_35-44
37850,Leorda,Femei_35-44
37912,Lunca,Femei_35-44
37958,Manoleasa,Femei_35-44
38063,Mihai Eminescu,Femei_35-44
38161,Mihaileni,Femei_35-44
38241,Mihalaseni,Femei_35-44
38321,Mileanca,Femei_35-44
38376,Mitoc,Femei_35-44
38456,Nicseni,Femei_35-44
38492,Paltinis,Femei_35-44
38544,Pomarla,Femei_35-44
38580,Prajeni,Femei_35-44
38633,Radauti-Prut,Femei_35-44
38679,Rauseni,Femei_35-44
38731,Ripiceni,Femei_35-44
38811,Roma,Femei_35-44
38848,Romanesti,Femei_35-44
38893,Santa Mare,Femei_35-44
38982,Suharau,Femei_35-44
39051,Sulita,Femei_35-44
39122,Sendriceni,Femei_35-44
39168,Oras Stefanesti,Femei_35-44
39220,Stiubieni,Femei_35-44
39266,Todireni,Femei_35-44
39328,Trusesti,Femei_35-44
39391,Tudora,Femei_35-44
39417,Ungureni,Femei_35-44
39532,Unteni,Femei_35-44
39612,Vaculesti,Femei_35-44
39658,Viisoara,Femei_35-44
39694,Varfu Campului,Femei_35-44
39738,Vladeni,Femei_35-44
39792,Vlasinesti,Femei_35-44
39836,Vorniceni,Femei_35-44
39872,Vorona,Femei_35-44
39942,Lozna,Femei_35-44
39959,Dimacheni,Femei_35-44
39967,Candesti,Femei_35-44
39975,Cosula,Femei_35-44
39983,Blandesti,Femei_35-44
40035,Adaseni,Femei_35-44
40198,Municipiul Brasov,Femei_35-44
40214,Oras Ghimbav,Femei_35-44
40241,Municipiul Codlea,Femei_35-44
40278,Municipiul Fagaras,Femei_35-44
40303,Oras Predeal,Femei_35-44
40367,Oras Rasnov,Femei_35-44
40394,Oras Rupea,Femei_35-44
40438,Municipiul Sacele,Femei_35-44
40465,Oras Victoria,Femei_35-44
40492,Oras Zarnesti,Femei_35-44
40526,Apata,Femei_35-44
40544,Beclean,Femei_35-44
40606,Bod,Femei_35-44
40633,Bran,Femei_35-44
40688,Budila,Femei_35-44
40704,Bunesti,Femei_35-44
40768,Cata,Femei_35-44
40820,Cincu,Femei_35-44
40857,Comana,Femei_35-44
40900,Cristian,Femei_35-44
40928,Dumbravita,Femei_35-44
40955,Feldioara,Femei_35-44
40991,Fundata,Femei_35-44
41033,Halchiu,Femei_35-44
41088,Harman,Femei_35-44
41113,Harseni,Femei_35-44
41177,Hoghiz,Femei_35-44
41248,Homorod,Femei_35-44
41284,Jibert,Femei_35-44
41346,Lisa,Femei_35-44
41382,Maierus,Femei_35-44
41417,Mandra,Femei_35-44
41471,Moieciu,Femei_35-44
41541,Ormenis,Femei_35-44
41578,Parau,Femei_35-44
41621,Poiana Marului,Femei_35-44
41667,Prejmer,Femei_35-44
41701,Racos,Femei_35-44
41738,Recea,Femei_35-44
41818,Sercaia,Femei_35-44
41854,Sinca,Femei_35-44
41925,Sanpetru,Femei_35-44
41943,Soars,Femei_35-44
42003,Tarlungeni,Femei_35-44
42058,Teliu,Femei_35-44
42076,Ticusu,Femei_35-44
42101,Ucea,Femei_35-44
42156,Ungra,Femei_35-44
42183,Vama Buzaului,Femei_35-44
42236,Vistea,Femei_35-44
42307,Voila,Femei_35-44
42398,Vulcan,Femei_35-44
42449,Sinca Noua,Femei_35-44
42456,Crizbav,Femei_35-44
42464,Sambata De Sus,Femei_35-44
42472,Holbav,Femei_35-44
42480,Dragus,Femei_35-44
42498,Augustin,Femei_35-44
42682,Municipiul Braila,Femei_35-44
42708,Chiscani,Femei_35-44
42753,Oras Faurei,Femei_35-44
42771,Surdila-Greci,Femei_35-44
42824,Baraganul,Femei_35-44
42842,Bertestii De Jos,Femei_35-44
42913,Bordei Verde,Femei_35-44
42968,Ciocile,Femei_35-44
43019,Ciresu,Femei_35-44
43073,Dudesti,Femei_35-44
43117,Frecatei,Femei_35-44
43180,Galbenu,Femei_35-44
43242,Gemenele,Femei_35-44
43279,Gradistea,Femei_35-44
43313,Gropeni,Femei_35-44
43331,Oras Ianca,Femei_35-44
43411,Oras Insuratei,Femei_35-44
43466,Jirlau,Femei_35-44
43493,Marasu,Femei_35-44
43563,Maxineni,Femei_35-44
43625,Mircea Voda,Femei_35-44
43652,Movila Miresii,Femei_35-44
43698,Racovita,Femei_35-44
43732,Ramnicelu,Femei_35-44
43787,Romanu,Femei_35-44
43812,Rosiori,Femei_35-44
43867,Salcia Tudor,Femei_35-44
43929,Scortaru Nou,Femei_35-44
43992,Silistea,Femei_35-44
44060,Stancuta,Femei_35-44
44113,Surdila-Gaiseanca,Femei_35-44
44140,Sutesti,Femei_35-44
44177,Tichilesti,Femei_35-44
44202,Traian,Femei_35-44
44257,Tudor Vladimirescu,Femei_35-44
44300,Tufesti,Femei_35-44
44328,Ulmu,Femei_35-44
44355,Unirea,Femei_35-44
44391,Vadeni,Femei_35-44
44435,Victoria,Femei_35-44
44462,Visani,Femei_35-44
44505,Viziru,Femei_35-44
44532,Zavoaia,Femei_35-44
44560,Cazasu,Femei_35-44
44818,Municipiul Buzau,Femei_35-44
44845,Municipiul Ramnicu Sarat,Femei_35-44
44863,Amaru,Femei_35-44
44934,Balta Alba,Femei_35-44
44989,Balaceanu,Femei_35-44
45003,Beceni,Femei_35-44
45101,Berca,Femei_35-44
45245,Bisoca,Femei_35-44
45334,Blajani,Femei_35-44
45361,Boldu,Femei_35-44
45389,Bozioru,Femei_35-44
45496,Bradeanu,Femei_35-44
45539,Braesti,Femei_35-44
45619,Breaza,Femei_35-44
45673,Buda,Femei_35-44
45753,Calvini,Femei_35-44
45815,C.a. Rosetti,Femei_35-44
45888,Canesti,Femei_35-44
45959,Catina,Femei_35-44
46019,Cernatesti,Femei_35-44
46108,Chiliile,Femei_35-44
46180,Chiojdu,Femei_35-44
46251,Cilibia,Femei_35-44
46313,Cislau,Femei_35-44
46377,Cochirleanca,Femei_35-44
46439,Colti,Femei_35-44
46484,Costesti,Femei_35-44
46554,Cozieni,Femei_35-44
46769,Galbinasi,Femei_35-44
46803,Gheraseni,Femei_35-44
46830,Ghergheasa,Femei_35-44
46867,Glodeanu Sarat,Femei_35-44
46910,Glodeanu-Silistea,Femei_35-44
47006,Grebanu,Femei_35-44
47079,Gura Teghii,Femei_35-44
47159,Largu,Femei_35-44
47186,Lopatari,Femei_35-44
47300,Luciu,Femei_35-44
47337,Magura,Femei_35-44
47373,Maracineni,Femei_35-44
47417,Margaritesti,Femei_35-44
47453,Merei,Femei_35-44
47578,Mihailesti,Femei_35-44
47630,Manzalesti,Femei_35-44
47774,Movila Banului,Femei_35-44
47818,Murgesti,Femei_35-44
47854,Naeni,Femei_35-44
47916,Oras Nehoiu,Femei_35-44
48021,Odaile,Femei_35-44
48138,Padina,Femei_35-44
48165,Pardosi,Femei_35-44
48227,Panatau,Femei_35-44
48325,Oras Patarlagele,Femei_35-44
48487,Pietroasele,Femei_35-44
48557,Parscov,Femei_35-44
48682,Podgoria,Femei_35-44
48744,Oras Pogoanele,Femei_35-44
48771,Posta Calnau,Femei_35-44
48842,Puiesti,Femei_35-44
48922,Racoviteni,Femei_35-44
48968,Ramnicelu,Femei_35-44
49019,Robeasca,Femei_35-44
49046,Rusetu,Femei_35-44
49073,Sageata,Femei_35-44
49153,Sahateni,Femei_35-44
49206,Sapoca,Femei_35-44
49233,Sarulesti,Femei_35-44
49313,Scortoasa,Femei_35-44
49439,Scutelnici,Femei_35-44
49484,Siriu,Femei_35-44
49545,Smeeni,Femei_35-44
49625,Stalpu,Femei_35-44
49643,Tisau,Femei_35-44
49769,Topliceni,Femei_35-44
49849,Tintesti,Femei_35-44
49894,Ulmeni,Femei_35-44
49956,Vadu Pasii,Femei_35-44
50022,Valea Ramnicului,Femei_35-44
50068,Valea Salciei,Femei_35-44
50102,Vernesti,Femei_35-44
50228,Vintila Voda,Femei_35-44
50326,Viperesti,Femei_35-44
50399,Valcelele,Femei_35-44
50415,Zarnesti,Femei_35-44
50479,Ziduri,Femei_35-44
50549,Unguriu,Femei_35-44
50564,Florica,Femei_35-44
50790,Municipiul Resita,Femei_35-44
50889,Oras Anina,Femei_35-44
50923,Oras Baile Herculane,Femei_35-44
50969,Oras Bocsa,Femei_35-44
50987,Ocna De Fier,Femei_35-44
51010,Municipiul Caransebes,Femei_35-44
51056,Oras Moldova Noua,Femei_35-44
51118,Oras Oravita,Femei_35-44
51207,Oras Otelu Rosu,Femei_35-44
51243,Armenis,Femei_35-44
51305,Bania,Femei_35-44
51332,Bautar,Femei_35-44
51387,Berliste,Femei_35-44
51449,Berzasca,Femei_35-44
51500,Berzovia,Femei_35-44
51546,Bolvasnita,Femei_35-44
51573,Bozovici,Femei_35-44
51626,Brebu,Femei_35-44
51662,Brebu Nou,Femei_35-44
51699,Buchin,Femei_35-44
51751,Bucosnita,Femei_35-44
51804,Carasova,Femei_35-44
51840,Carbunari,Femei_35-44
51877,Constantin Daicoviciu,Femei_35-44
51948,Ciclova Romana,Femei_35-44
51984,Ciuchici,Femei_35-44
52035,Ciudanovita,Femei_35-44
52062,Copacele,Femei_35-44
52115,Cornea,Femei_35-44
52160,Cornereva,Femei_35-44
52570,Dalboset,Femei_35-44
52650,Doclin,Femei_35-44
52696,Dognecea,Femei_35-44
52721,Domasnea,Femei_35-44
52758,Ezeris,Femei_35-44
52785,Farliug,Femei_35-44
52856,Forotic,Femei_35-44
52909,Garnic,Femei_35-44
52936,Glimboca,Femei_35-44
52954,Goruia,Femei_35-44
52990,Gradinari,Femei_35-44
53023,Iablanita,Femei_35-44
53069,Lapusnicel,Femei_35-44
53103,Lapusnicu Mare,Femei_35-44
53130,Luncavita,Femei_35-44
53167,Lupac,Femei_35-44
53210,Marga,Femei_35-44
53247,Maureni,Femei_35-44
53274,Mehadia,Femei_35-44
53327,Mehadica,Femei_35-44
53345,Naidas,Femei_35-44
53372,Obreja,Femei_35-44
53425,Paltinis,Femei_35-44
53489,Coronini,Femei_35-44
53513,Pojejena,Femei_35-44
53577,Prigor,Femei_35-44
53639,Ramna,Femei_35-44
53675,Racasdia,Femei_35-44
53700,Eftimie Murgu,Femei_35-44
53728,Rusca Montana,Femei_35-44
53755,Sacu,Femei_35-44
53791,Sasca Montana,Femei_35-44
53853,Sichevita,Femei_35-44
54056,Slatina-Timis,Femei_35-44
54109,Socol,Femei_35-44
54163,Sopotu Nou,Femei_35-44
54270,Teregova,Femei_35-44
54305,Ticvaniu Mare,Femei_35-44
54350,Tarnova,Femei_35-44
54387,Toplet,Femei_35-44
54412,Turnu Ruieni,Femei_35-44
54485,Valiug,Femei_35-44
54500,Varadia,Femei_35-44
54537,Vermes,Femei_35-44
54573,Vrani,Femei_35-44
54617,Zavoi,Femei_35-44
54699,Zorlentu Mare,Femei_35-44
54975,Municipiul Cluj-Napoca,Femei_35-44
55008,Municipiul Dej,Femei_35-44
55062,Cuzdrioara,Femei_35-44
55106,Jichisu De Jos,Femei_35-44
55160,Mica,Femei_35-44
55259,Municipiul Turda,Femei_35-44
55277,Mihai Viteazu,Femei_35-44
55311,Sandulesti,Femei_35-44
55357,Municipiul Campia Turzii,Femei_35-44
55384,Municipiul Gherla,Femei_35-44
55446,Oras Huedin,Femei_35-44
55473,Aghiresu,Femei_35-44
55598,Aiton,Femei_35-44
55623,Alunis,Femei_35-44
55687,Apahida,Femei_35-44
55776,Aschileu,Femei_35-44
55838,Baciu,Femei_35-44
55918,Baisoara,Femei_35-44
56014,Belis,Femei_35-44
56096,Bobalna,Femei_35-44
56210,Bontida,Femei_35-44
56265,Borsa,Femei_35-44
56327,Buza,Femei_35-44
56354,Caianu,Femei_35-44
56425,Calarasi,Femei_35-44
56461,Calatele,Femei_35-44
56522,Camarasu,Femei_35-44
56568,Capusu Mare,Femei_35-44
56666,Caseiu,Femei_35-44
56773,Catina,Femei_35-44
56844,Ceanu Mare,Femei_35-44
56988,Chinteni,Femei_35-44
57083,Chiuiesti,Femei_35-44
57163,Ciucea,Femei_35-44
57225,Ciurila,Femei_35-44
57314,Catcau,Femei_35-44
57350,Cojocna,Femei_35-44
57449,Cornesti,Femei_35-44
57546,Dabaca,Femei_35-44
57582,Feleacu,Femei_35-44
57644,Fizesu Gherlii,Femei_35-44
57706,Floresti,Femei_35-44
57742,Frata,Femei_35-44
57831,Geaca,Femei_35-44
57902,Gilau,Femei_35-44
57948,Garbau,Femei_35-44
58008,Iara,Femei_35-44
58142,Iclod,Femei_35-44
58204,Izvoru Crisului,Femei_35-44
58259,Jucu,Femei_35-44
58311,Luna,Femei_35-44
58357,Maguri-Racatau,Femei_35-44
58393,Manastireni,Femei_35-44
58464,Margau,Femei_35-44
58534,Marisel,Femei_35-44
58552,Mintiu Gherlii,Femei_35-44
58623,Mociu,Femei_35-44
58721,Moldovenesti,Femei_35-44
58794,Palatca,Femei_35-44
58856,Panticeu,Femei_35-44
58918,Petrestii De Jos,Femei_35-44
58990,Ploscos,Femei_35-44
59041,Poieni,Femei_35-44
59130,Recea-Cristur,Femei_35-44
59238,Risca,Femei_35-44
59283,Sacuieu,Femei_35-44
59327,Savadisla,Femei_35-44
59416,Sic,Femei_35-44
59434,Sancraiu,Femei_35-44
59498,Sanmartin,Femei_35-44
59586,Sanpaul,Femei_35-44
59657,Suatu,Femei_35-44
59693,Tritenii De Jos,Femei_35-44
59764,Tureni,Femei_35-44
59826,Taga,Femei_35-44
59880,Unguras,Femei_35-44
59942,Vad,Femei_35-44
60026,Valea Ierii,Femei_35-44
60062,Viisoara,Femei_35-44
60099,Vultureni,Femei_35-44
60169,Negreni,Femei_35-44
60419,Municipiul Constanta,Femei_35-44
60455,Oras Eforie,Femei_35-44
60482,Municipiul Mangalia,Femei_35-44
60507,Oras Navodari,Femei_35-44
60534,Oras Techirghiol,Femei_35-44
60570,Agigea,Femei_35-44
60598,23-Aug,Femei_35-44
60632,Limanu,Femei_35-44
60687,Oras Ovidiu,Femei_35-44
60721,Tuzla,Femei_35-44
60776,Oras Cernavoda,Femei_35-44
60801,Oras Harsova,Femei_35-44
60847,Municipiul Medgidia,Femei_35-44
60883,Adamclisi,Femei_35-44
60945,Albesti,Femei_35-44
61005,Aliman,Femei_35-44
61069,Oras Baneasa,Femei_35-44
61121,Castelu,Femei_35-44
61167,Cerchezu,Femei_35-44
61210,Chirnogeni,Femei_35-44
61256,Ciobanu,Femei_35-44
61283,Ciocarlia,Femei_35-44
61318,Cobadin,Femei_35-44
61372,Cogealac,Femei_35-44
61452,Comana,Femei_35-44
61513,Corbu,Femei_35-44
61559,Crucea,Femei_35-44
61620,Cumpana,Femei_35-44
61675,Deleni,Femei_35-44
61737,Dobromir,Femei_35-44
61808,Garliciu,Femei_35-44
61826,Ghindaresti,Femei_35-44
61871,Independenta,Femei_35-44
61951,Ion Corvin,Femei_35-44
62020,Istria,Femei_35-44
62057,Lipnita,Femei_35-44
62137,Mereni,Femei_35-44
62191,Mihail Kogalniceanu,Femei_35-44
62253,Mihai Viteazu,Femei_35-44
62280,Mircea Voda,Femei_35-44
62360,Oras Murfatlar,Femei_35-44
62397,Oras Negru Voda,Femei_35-44
62440,Nicolae Balcescu,Femei_35-44
62486,Oltina,Femei_35-44
62538,Ostrov,Femei_35-44
62609,Pantelimon,Femei_35-44
62672,Pecineaga,Femei_35-44
62707,Pestera,Femei_35-44
62761,Poarta Alba,Femei_35-44
62798,Rasova,Femei_35-44
62823,Saraiu,Femei_35-44
62878,Sacele,Femei_35-44
62903,Seimeni,Femei_35-44
62949,Silistea,Femei_35-44
62985,Targusor,Femei_35-44
63045,Topalu,Femei_35-44
63072,Topraisar,Femei_35-44
63125,Valu Lui Traian,Femei_35-44
63152,Lumina,Femei_35-44
63161,Dumbraveni,Femei_35-44
63170,Vulturu,Femei_35-44
63189,Tortoman,Femei_35-44
63198,Amzacea,Femei_35-44
63278,Horia,Femei_35-44
63286,Costinesti,Femei_35-44
63294,Baraganu,Femei_35-44
63300,Cuza Voda,Femei_35-44
63318,Saligny,Femei_35-44
63326,Gradina,Femei_35-44
63334,Fantanele,Femei_35-44
63394,Municipiul Sfantu Gheorghe,Femei_35-44
63447,Oras Baraolt,Femei_35-44
63526,Oras Covasna,Femei_35-44
63553,Comandau,Femei_35-44
63580,Oras Intorsura Buzaului,Femei_35-44
63633,Barcani,Femei_35-44
63688,Sita Buzaului,Femei_35-44
63740,Municipiul Targu Secuiesc,Femei_35-44
63777,Aita Mare,Femei_35-44
63802,Batani,Femei_35-44
63866,Belin,Femei_35-44
63893,Bodoc,Femei_35-44
63937,Borosneu Mare,Femei_35-44
64005,Brates,Femei_35-44
64041,Bradut,Femei_35-44
64096,Bretcu,Femei_35-44
64130,Catalina,Femei_35-44
64194,Cernat,Femei_35-44
64238,Chichis,Femei_35-44
64265,Dobarlau,Femei_35-44
64318,Ghelinta,Femei_35-44
64345,Ghidfalau,Femei_35-44
64390,Haghig,Femei_35-44
64425,Ilieni,Femei_35-44
64461,Lemnia,Femei_35-44
64504,Malnas,Femei_35-44
64568,Moacsa,Femei_35-44
64602,Ojdula,Femei_35-44
64639,Ozun,Femei_35-44
64719,Poian,Femei_35-44
64773,Reci,Femei_35-44
64826,Sanzieni,Femei_35-44
64871,Turia,Femei_35-44
64906,Valea Crisului,Femei_35-44
64942,Valcele,Femei_35-44
64997,Varghis,Femei_35-44
65011,Zagon,Femei_35-44
65048,Zabala,Femei_35-44
65099,Valea Mare,Femei_35-44
65105,Mereni,Femei_35-44
65113,Arcus,Femei_35-44
65121,Bixad,Femei_35-44
65139,Micfalau,Femei_35-44
65147,Dalnic,Femei_35-44
65154,Estelnic,Femei_35-44
65342,Municipiul Targoviste,Femei_35-44
65379,Aninoasa,Femei_35-44
65413,Doicesti,Femei_35-44
65431,Razvad,Femei_35-44
65477,Sotanga,Femei_35-44
65501,Ulmi,Femei_35-44
65609,Oras Fieni,Femei_35-44
65645,Motaieni,Femei_35-44
65681,Oras Gaesti,Femei_35-44
65707,Gura Foii,Femei_35-44
65752,Petresti,Femei_35-44
65841,Municipiul Moreni,Femei_35-44
65869,Iedera,Femei_35-44
65921,Oras Pucioasa,Femei_35-44
66009,Branesti,Femei_35-44
66081,Oras Titu,Femei_35-44
66152,Branistea,Femei_35-44
66198,Baleni,Femei_35-44
66223,Barbuletu,Femei_35-44
66330,Bezdead,Femei_35-44
66401,Bilciuresti,Femei_35-44
66438,Buciumeni,Femei_35-44
66474,Bucsani,Femei_35-44
66526,Candesti,Femei_35-44
66580,Cobia,Femei_35-44
66697,Cojasca,Femei_35-44
66731,Comisani,Femei_35-44
66768,Contesti,Femei_35-44
66857,Corbii Mari,Femei_35-44
66955,Cornatelu,Femei_35-44
67014,Cornesti,Femei_35-44
67121,Costestii Din Vale,Femei_35-44
67167,Crangurile,Femei_35-44
67256,Darmanesti,Femei_35-44
67292,Dobra,Femei_35-44
67327,Dragodana,Femei_35-44
67407,Dragomiresti,Femei_35-44
67470,Finta,Femei_35-44
67522,Glodeni,Femei_35-44
67595,Gura Ocnitei,Femei_35-44
67648,Gura Sutii,Femei_35-44
67675,Hulubesti,Femei_35-44
67737,I. L. Caragiale,Femei_35-44
67773,Lucieni,Femei_35-44
67835,Ludesti,Femei_35-44
67906,Lunguletu,Femei_35-44
67942,Malu Cu Flori,Femei_35-44
68002,Manesti,Femei_35-44
68048,Matasaru,Femei_35-44
68128,Mogosani,Femei_35-44
68182,Moroeni,Femei_35-44
68253,Morteni,Femei_35-44
68280,Nucet,Femei_35-44
68324,Ocnita,Femei_35-44
68342,Odobesti,Femei_35-44
68404,Pietrosita,Femei_35-44
68431,Poiana,Femei_35-44
68468,Potlogi,Femei_35-44
68529,Produlesti,Femei_35-44
68565,Pucheni,Femei_35-44
68627,Oras Racari,Femei_35-44
68716,Runcu,Femei_35-44
68789,Salcioara,Femei_35-44
68887,Selaru,Femei_35-44
68921,Tatarani,Femei_35-44
68976,Uliesti,Femei_35-44
69063,Valea Lunga,Femei_35-44
69170,Valea Mare,Femei_35-44
69250,Vacaresti,Femei_35-44
69303,Valeni-Dambovita,Femei_35-44
69330,Visina,Femei_35-44
69394,Visinesti,Femei_35-44
69447,Varfuri,Femei_35-44
69526,Voinesti,Femei_35-44
69615,Vulcana-Bai,Femei_35-44
69900,Municipiul Craiova,Femei_35-44
69964,Bucovat,Femei_35-44
70094,Isalnita,Femei_35-44
70110,Podari,Femei_35-44
70174,Simnicu De Sus,Femei_35-44
70316,Municipiul Bailesti,Femei_35-44
70352,Municipiul Calafat,Femei_35-44
70414,Oras Filiasi,Femei_35-44
70502,Oras Segarcea,Femei_35-44
70520,Afumati,Femei_35-44
70566,Almaj,Femei_35-44
70637,Amarastii De Jos,Femei_35-44
70673,Amarastii De Sus,Femei_35-44
70726,Apele Vii,Femei_35-44
70744,Argetoaia,Femei_35-44
70879,Oras Bechet,Femei_35-44
70897,Bistret,Femei_35-44
70940,Barca,Femei_35-44
70968,Botosesti-Paia,Femei_35-44
70986,Brabova,Femei_35-44
71055,Bradesti,Femei_35-44
71126,Bralostita,Femei_35-44
71199,Bratovoesti,Femei_35-44
71260,Breasta,Femei_35-44
71340,Bulzesti,Femei_35-44
71457,Calopar,Femei_35-44
71518,Caraula,Femei_35-44
71536,Carpen,Femei_35-44
71572,Castranova,Femei_35-44
71607,Calarasi,Femei_35-44
71634,Celaru,Femei_35-44
71698,Cerat,Femei_35-44
71723,Cernatesti,Femei_35-44
71787,Cetate,Femei_35-44
71812,Cioroiasi,Femei_35-44
71858,Ciupercenii Noi,Femei_35-44
71885,Cosoveni,Femei_35-44
71910,Cotofenii Din Dos,Femei_35-44
71956,Daneti,Femei_35-44
72007,Oras Dabuleni,Femei_35-44
72034,Desa,Femei_35-44
72052,Diosti,Femei_35-44
72098,Dobresti,Femei_35-44
72150,Dragotesti,Femei_35-44
72221,Dranic,Femei_35-44
72276,Farcas,Femei_35-44
72383,Galicea Mare,Femei_35-44
72409,Ghercesti,Femei_35-44
72463,Gighera,Femei_35-44
72506,Giubega,Femei_35-44
72533,Giurgita,Femei_35-44
72579,Gangiova,Femei_35-44
72604,Gogosu,Femei_35-44
72640,Goicea,Femei_35-44
72677,Goiesti,Femei_35-44
72819,Grecesti,Femei_35-44
72882,Izvoare,Femei_35-44
72926,Leu,Femei_35-44
72953,Lipovu,Femei_35-44
72980,Macesu De Jos,Femei_35-44
73013,Macesu De Sus,Femei_35-44
73031,Maglavit,Femei_35-44
73068,Malu Mare,Femei_35-44
73102,Melinesti,Femei_35-44
73246,Mischii,Femei_35-44
73317,Marsani,Femei_35-44
73335,Motatei,Femei_35-44
73371,Murgasi,Femei_35-44
73460,Negoi,Femei_35-44
73503,Orodel,Femei_35-44
73567,Ostroveni,Femei_35-44
73594,Perisor,Femei_35-44
73629,Pielesti,Femei_35-44
73665,Piscu Vechi,Femei_35-44
73709,Plenita,Femei_35-44
73736,Poiana Mare,Femei_35-44
73772,Predesti,Femei_35-44
73852,Radovan,Femei_35-44
73905,Rast,Femei_35-44
73923,Robanesti,Femei_35-44
73996,Sadova,Femei_35-44
74028,Salcuta,Femei_35-44
74073,Scaesti,Femei_35-44
74108,Seaca De Camp,Femei_35-44
74135,Seaca De Padure,Femei_35-44
74171,Secu,Femei_35-44
74224,Silistea Crucii,Femei_35-44
74242,Sopot,Femei_35-44
74322,Teasc,Femei_35-44
74359,Terpezita,Femei_35-44
74411,Teslui,Femei_35-44
74509,Tuglui,Femei_35-44
74536,Unirea,Femei_35-44
74554,Urzicuta,Femei_35-44
74581,Valea Stanciului,Femei_35-44
74616,Vela,Femei_35-44
74705,Verbita,Femei_35-44
74732,Vartop,Femei_35-44
74750,Varvoru De Jos,Femei_35-44
74842,Catane,Femei_35-44
74859,Carcea,Femei_35-44
74867,Carna,Femei_35-44
74875,Cotofenii Din Fata,Femei_35-44
74883,Dobrotesti,Femei_35-44
74891,Galiciuica,Femei_35-44
74907,Ghidici,Femei_35-44
74915,Ghindeni,Femei_35-44
74923,Intorsura,Femei_35-44
74931,Plesoi,Femei_35-44
74949,Rojiste,Femei_35-44
74956,Talpas,Femei_35-44
75098,Municipiul Galati,Femei_35-44
75114,Sendreni,Femei_35-44
75150,Vanatori,Femei_35-44
75203,Municipiul Tecuci,Femei_35-44
75221,Draganesti,Femei_35-44
75258,Munteni,Femei_35-44
75338,Oras Beresti,Femei_35-44
75356,Beresti-Meria,Femei_35-44
75472,Oras Targu Bujor,Femei_35-44
75515,Barcea,Femei_35-44
75542,Balabanesti,Femei_35-44
75613,Balasesti,Femei_35-44
75668,Baleni,Femei_35-44
75686,Baneasa,Femei_35-44
75711,Branistea,Femei_35-44
75766,Brahasesti,Femei_35-44
75819,Buciumeni,Femei_35-44
75864,Cavadinesti,Femei_35-44
75917,Certesti,Femei_35-44
75953,Corod,Femei_35-44
76004,Corni,Femei_35-44
76040,Cosmesti,Femei_35-44
76111,Costache Negri,Femei_35-44
76139,Cuca,Femei_35-44
76157,Cudalbi,Femei_35-44
76175,Draguseni,Femei_35-44
76255,Fartanesti,Femei_35-44
76282,Foltesti,Femei_35-44
76317,Frumusita,Femei_35-44
76353,Fundeni,Femei_35-44
76406,Ghidigeni,Femei_35-44
76497,Gohor,Femei_35-44
76558,Grivita,Femei_35-44
76585,Independenta,Femei_35-44
76601,Ivesti,Femei_35-44
76638,Jorasti,Femei_35-44
76674,Liesti,Femei_35-44
76692,Matca,Femei_35-44
76718,Mastacani,Femei_35-44
76745,Movileni,Femei_35-44
76763,Namoloasa,Femei_35-44
76807,Nicoresti,Femei_35-44
76932,Oancea,Femei_35-44
76969,Pechea,Femei_35-44
76996,Piscu,Femei_35-44
77028,Priponesti,Femei_35-44
77082,Rediu,Femei_35-44
77126,Scanteiesti,Femei_35-44
77153,Schela,Femei_35-44
77180,Slobozia Conachi,Femei_35-44
77224,Smardan,Femei_35-44
77260,Smulti,Femei_35-44
77288,Suceveni,Femei_35-44
77313,Tudor Vladimirescu,Femei_35-44
77331,Tulucesti,Femei_35-44
77377,Tepu,Femei_35-44
77402,Umbraresti,Femei_35-44
77475,Valea Marului,Femei_35-44
77509,Varlezi,Femei_35-44
77536,Vladesti,Femei_35-44
77561,Radesti,Femei_35-44
77579,Negrilesti,Femei_35-44
77587,Poiana,Femei_35-44
77595,Cuza Voda,Femei_35-44
77601,Suhurlui,Femei_35-44
77812,Municipiul Targu Jiu,Femei_35-44
77910,Balesti,Femei_35-44
78016,Dragutesti,Femei_35-44
78089,Turcinesti,Femei_35-44
78141,Municipiul Motru,Femei_35-44
78258,Oras Novaci,Femei_35-44
78329,Oras Targu Carbunesti,Femei_35-44
78454,Oras Ticleni,Femei_35-44
78472,Albeni,Femei_35-44
78542,Alimpesti,Femei_35-44
78604,Aninoasa,Femei_35-44
78668,Arcani,Femei_35-44
78711,Baia De Fier,Femei_35-44
78748,Balanesti,Femei_35-44
78828,Barbatesti,Femei_35-44
78873,Bengesti-Ciocadia,Femei_35-44
78926,Berlesti,Femei_35-44
79004,Balteni,Femei_35-44
79077,Bolbosi,Femei_35-44
79157,Borascu,Femei_35-44
79237,Branesti,Femei_35-44
79308,Oras Bumbesti-Jiu,Femei_35-44
79362,Bumbesti-Pitic,Femei_35-44
79406,Bustuchin,Femei_35-44
79497,Capreni,Femei_35-44
79585,Catunele,Femei_35-44
79656,Ciuperceni,Femei_35-44
79736,Calnic,Femei_35-44
79834,Crasna,Femei_35-44
79932,Cruset,Femei_35-44
80043,Danciulesti,Femei_35-44
80123,Danesti,Femei_35-44
80249,Dragotesti,Femei_35-44
80285,Farcasesti,Femei_35-44
80365,Glogova,Femei_35-44
80427,Godinesti,Femei_35-44
80506,Hurezani,Femei_35-44
80560,Ionesti,Femei_35-44
80613,Jupanesti,Femei_35-44
80677,Lelesti,Femei_35-44
80711,Licurici,Femei_35-44
80766,Logresti,Femei_35-44
80846,Matasari,Femei_35-44
80908,Musetesti,Femei_35-44
80980,Negomir,Femei_35-44
81095,Pades,Femei_35-44
81184,Pestisani,Femei_35-44
81264,Plopsoru,Femei_35-44
81380,Polovragi,Femei_35-44
81415,Prigoria,Femei_35-44
81497,Rosia De Amaradia,Femei_35-44
81576,Runcu,Femei_35-44
81656,Samarinesti,Femei_35-44
81754,Sacelu,Femei_35-44
81816,Saulesti,Femei_35-44
81861,Scoarta,Femei_35-44
81987,Schela,Femei_35-44
82047,Slivilesti,Femei_35-44
82136,Stanesti,Femei_35-44
82243,Stejari,Femei_35-44
82314,Stoina,Femei_35-44
82396,Telesti,Femei_35-44
82430,Oras Tismana,Femei_35-44
82555,Turburea,Femei_35-44
82617,Oras Turceni,Femei_35-44
82680,Tantareni,Femei_35-44
82733,Urdari,Femei_35-44
82779,Vagiulesti,Femei_35-44
82831,Vladimir,Femei_35-44
82895,Oras Rovinari,Femei_35-44
83133,Municipiul Odorheiu Secuiesc,Femei_35-44
83151,Bradesti,Femei_35-44
83197,Feliceni,Femei_35-44
83320,Municipiul Miercurea Ciuc,Femei_35-44
83375,Pauleni-Ciuc,Femei_35-44
83428,Oras Baile Tusnad,Femei_35-44
83464,Oras Balan,Femei_35-44
83491,Oras Borsec,Femei_35-44
83525,Oras Cristuru Secuiesc,Femei_35-44
83561,Municipiul Gheorgheni,Femei_35-44
83632,Municipiul Toplita,Femei_35-44
83749,Oras Vlahita,Femei_35-44
83785,Atid,Femei_35-44
83847,Avramesti,Femei_35-44
83936,Bilbor,Femei_35-44
83963,Capalnita,Femei_35-44
83981,Ciucsangeorgiu,Femei_35-44
84086,Ciumani,Femei_35-44
84102,Carta,Femei_35-44
84148,Corbu,Femei_35-44
84175,Corund,Femei_35-44
84237,Danesti,Femei_35-44
84264,Dealu,Femei_35-44
84344,Ditrau,Femei_35-44
84380,Darjiu,Femei_35-44
84415,Frumoasa,Femei_35-44
84460,Galautas,Femei_35-44
84558,Joseni,Femei_35-44
84594,Lazarea,Femei_35-44
84629,Lueta,Femei_35-44
84656,Lunca De Jos,Femei_35-44
84754,Lunca De Sus,Femei_35-44
84825,Lupeni,Femei_35-44
84923,Martinis,Femei_35-44
85056,Meresti,Femei_35-44
85074,Mihaileni,Femei_35-44
85127,Mugeni,Femei_35-44
85243,Ocland,Femei_35-44
85289,Plaiesii De Jos,Femei_35-44
85341,Praid,Femei_35-44
85412,Remetea,Femei_35-44
85467,Sacel,Femei_35-44
85528,Sarmas,Femei_35-44
85582,Secuieni,Femei_35-44
85626,Siculeni,Femei_35-44
85680,Sancraieni,Femei_35-44
85760,Sandominic,Femei_35-44
85788,Sanmartin,Femei_35-44
85840,Sansimion,Femei_35-44
85877,Subcetate,Femei_35-44
85920,Suseni,Femei_35-44
85984,Simonesti,Femei_35-44
86133,Tulghes,Femei_35-44
86188,Tusnad,Femei_35-44
86222,Ulies,Femei_35-44
86311,Varsag,Femei_35-44
86339,Voslabeni,Femei_35-44
86366,Zetea,Femei_35-44
86438,Madaras,Femei_35-44
86446,Cozmeni,Femei_35-44
86453,Tomesti,Femei_35-44
86461,Ciceu,Femei_35-44
86479,Leliceni,Femei_35-44
86487,Porumbeni,Femei_35-44
86495,Racu,Femei_35-44
86501,Satu Mare,Femei_35-44
86519,Santimbru,Femei_35-44
86687,Municipiul Deva,Femei_35-44
86749,Carjiti,Femei_35-44
86810,Municipiul Hunedoara,Femei_35-44
86883,Ghelari,Femei_35-44
86936,Teliucu Inferior,Femei_35-44
86990,Municipiul Petrosani,Femei_35-44
87059,Municipiul Lupeni,Femei_35-44
87077,Oras Petrila,Femei_35-44
87139,Oras Uricani,Femei_35-44
87175,Municipiul Vulcan,Femei_35-44
87219,Oras Aninoasa,Femei_35-44
87246,Banita,Femei_35-44
87291,Municipiul Brad,Femei_35-44
87362,Criscior,Femei_35-44
87424,Oras Calan,Femei_35-44
87576,Oras Hateg,Femei_35-44
87638,Municipiul Orastie,Femei_35-44
87665,Oras Simeria,Femei_35-44
87745,Baia De Cris,Femei_35-44
87843,Balsa,Femei_35-44
87996,Baru,Femei_35-44
88047,Bacia,Femei_35-44
88092,Baita,Femei_35-44
88216,Batrana,Femei_35-44
88261,Beriu,Femei_35-44
88350,Blajeni,Femei_35-44
88449,Bosorod,Femei_35-44
88546,Branisca,Femei_35-44
88644,Bretea Romana,Femei_35-44
88788,Buces,Femei_35-44
88868,Bucuresci,Femei_35-44
88920,Bulzestii De Sus,Femei_35-44
89026,Bunila,Femei_35-44
89080,Burjuc,Femei_35-44
89151,Cerbal,Femei_35-44
89240,Certeju De Sus,Femei_35-44
89348,Densus,Femei_35-44
89428,Dobra,Femei_35-44
89561,Oras Geoagiu,Femei_35-44
89687,Gurasada,Femei_35-44
89801,Harau,Femei_35-44
89856,Ilia,Femei_35-44
89954,Lapugiu De Jos,Femei_35-44
90066,Lelese,Femei_35-44
90119,Lunca Cernii De Jos,Femei_35-44
90208,Luncoiu De Jos,Femei_35-44
90262,Martinesti,Femei_35-44
90342,Orastioara De Sus,Femei_35-44
90431,Pestisu Mic,Femei_35-44
90538,Pui,Femei_35-44
90663,Rapoltu Mare,Femei_35-44
90725,Rachitova,Femei_35-44
90805,Ribita,Femei_35-44
90878,Rau De Mori,Femei_35-44
90994,Romos,Femei_35-44
91054,Sarmizegetusa,Femei_35-44
91116,Salasu De Sus,Femei_35-44
91232,Santamaria-Orlea,Femei_35-44
91330,Soimus,Femei_35-44
91447,Tomesti,Femei_35-44
91535,Toplita,Femei_35-44
91624,Totesti,Femei_35-44
91688,Turdas,Femei_35-44
91731,General Berthelot,Femei_35-44
91795,Vata De Jos,Femei_35-44
91937,Valisoara,Femei_35-44
91982,Vetel,Femei_35-44
92097,Vorta,Femei_35-44
92177,Zam,Femei_35-44
92569,Municipiul Calarasi,Femei_35-44
92587,Modelu,Femei_35-44
92658,Municipiul Slobozia,Femei_35-44
92701,Municipiul Fetesti,Femei_35-44
92765,Oras Tandarei,Femei_35-44
92783,Albesti,Femei_35-44
92836,Oras Amara,Femei_35-44
92872,Andrasesti,Femei_35-44
92907,Balaciu,Femei_35-44
92961,Borcea,Femei_35-44
92989,Bordusani,Femei_35-44
93021,Bucu,Femei_35-44
93067,Oras Cazanesti,Femei_35-44
93085,Ciocanesti,Femei_35-44
93101,Ciochina,Femei_35-44
93156,Ciulnita,Femei_35-44
93209,Cocora,Femei_35-44
93236,Cosambesti,Femei_35-44
93281,Cuza Voda,Femei_35-44
93325,Dichiseni,Femei_35-44
93370,Dor Marunt,Femei_35-44
93441,Dorobantu,Femei_35-44
93487,Dragalina,Femei_35-44
93539,Dragos Voda,Femei_35-44
93575,Facaeni,Femei_35-44
93600,Gheorghe Doja,Femei_35-44
93628,Gheorghe Lazar,Femei_35-44
93646,Giurgeni,Femei_35-44
93664,Gradistea,Femei_35-44
93717,Grindu,Femei_35-44
93735,Grivita,Femei_35-44
93771,Independenta,Femei_35-44
93815,Jegalia,Femei_35-44
93851,Lehliu,Femei_35-44
93888,Oras Lehliu Gara,Femei_35-44
93931,Lupsanu,Femei_35-44
93995,Mihail Kogalniceanu,Femei_35-44
94045,Milosesti,Femei_35-44
94081,Movila,Femei_35-44
94107,Munteni-Buzau,Femei_35-44
94125,Alexandru Odobescu,Femei_35-44
94161,Perieti,Femei_35-44
94223,Perisoru,Femei_35-44
94269,Reviga,Femei_35-44
94312,Roseti,Femei_35-44
94330,Salcioara,Femei_35-44
94376,Saveni,Femei_35-44
94429,Scanteia,Femei_35-44
94456,Sfantu Gheorghe,Femei_35-44
94492,Stelnica,Femei_35-44
94535,Suditi,Femei_35-44
94562,Stefan Cel Mare,Femei_35-44
94580,Stefan Voda,Femei_35-44
94606,Ulmu,Femei_35-44
94651,Unirea,Femei_35-44
94688,Valea Ciorii,Femei_35-44
94731,Valcelele,Femei_35-44
94768,Vlad Tepes,Femei_35-44
94795,Vladeni,Femei_35-44
95060,Municipiul Iasi,Femei_35-44
95088,Barnova,Femei_35-44
95159,Holboca,Femei_35-44
95239,Rediu,Femei_35-44
95293,Tomesti,Femei_35-44
95355,Oras Harlau,Femei_35-44
95391,Municipiul Pascani,Femei_35-44
95471,Oras Targu Frumos,Femei_35-44
95499,Ion Neculce,Femei_35-44
95612,Alexandru I. Cuza,Femei_35-44
95667,Andrieseni,Femei_35-44
95747,Aroneanu,Femei_35-44
95792,Baltati,Femei_35-44
95872,Belcesti,Femei_35-44
95943,Bivolari,Femei_35-44
96003,Ungheni,Femei_35-44
96058,Braesti,Femei_35-44
96110,Butea,Femei_35-44
96147,Ceplenita,Femei_35-44
96192,Ciortesti,Femei_35-44
96254,Ciurea,Femei_35-44
96334,Coarnele Caprei,Femei_35-44
96370,Comarna,Femei_35-44
96423,Costuleni,Femei_35-44
96478,Cotnari,Femei_35-44
96593,Cozmesti,Femei_35-44
96637,Cristesti,Femei_35-44
96664,Cucuteni,Femei_35-44
96717,Dagata,Femei_35-44
96815,Deleni,Femei_35-44
96888,Dobrovat,Femei_35-44
96904,Dolhesti,Femei_35-44
96940,Dumesti,Femei_35-44
97009,Erbiceni,Femei_35-44
97063,Focuri,Femei_35-44
97090,Golaiesti,Femei_35-44
97189,Gorban,Femei_35-44
97241,Grajduri,Femei_35-44
97321,Gropnita,Femei_35-44
97394,Grozesti,Femei_35-44
97438,Halaucesti,Femei_35-44
97465,Helesteni,Femei_35-44
97517,Horlesti,Femei_35-44
97553,Ipatele,Femei_35-44
97606,Lespezi,Femei_35-44
97679,Letcani,Femei_35-44
97722,Lungani,Femei_35-44
97777,Madarjac,Femei_35-44
97811,Mircesti,Femei_35-44
97875,Mironeasa,Femei_35-44
97919,Miroslava,Femei_35-44
98051,Miroslovesti,Femei_35-44
98113,Mogosesti,Femei_35-44
98168,Mogosesti-Siret,Femei_35-44
98202,Mosna,Femei_35-44
98220,Motca,Femei_35-44
98257,Movileni,Femei_35-44
98300,Oteleni,Femei_35-44
98337,Plugari,Femei_35-44
98373,Oras Podu Iloaiei,Femei_35-44
98435,Popesti,Femei_35-44
98505,Popricani,Femei_35-44
98603,Prisacani,Femei_35-44
98649,Probota,Femei_35-44
98685,Raducaneni,Femei_35-44
98738,Romanesti,Femei_35-44
98774,Ruginoasa,Femei_35-44
98827,Schitu Duca,Femei_35-44
98916,Scanteia,Femei_35-44
98998,Scobinti,Femei_35-44
99058,Sinesti,Femei_35-44
99101,Siretel,Femei_35-44
99165,Stolniceni-Prajescu,Femei_35-44
99209,Strunga,Femei_35-44
99290,Scheia,Femei_35-44
99370,Sipote,Femei_35-44
99441,Tansa,Femei_35-44
99478,Tatarusi,Femei_35-44
99539,Todiresti,Femei_35-44
99600,Trifesti,Femei_35-44
99673,Tibana,Femei_35-44
99780,Tibanesti,Femei_35-44
99879,Tiganasi,Femei_35-44
99922,Tutora,Femei_35-44
99968,Valea Seaca,Femei_35-44
100004,Victoria,Femei_35-44
100086,Vanatori,Femei_35-44
100148,Vladeni,Femei_35-44
100219,Voinesti,Femei_35-44
100273,Bals,Femei_35-44
100282,Costesti,Femei_35-44
100308,Draguseni,Femei_35-44
100317,Fantanele,Femei_35-44
100326,Harmanesti,Femei_35-44
100335,Rachiteni,Femei_35-44
100344,Roscani,Femei_35-44
100353,Valea Lupului,Femei_35-44
100362,Ciohorani,Femei_35-44
100521,Municipiul Giurgiu,Femei_35-44
100549,Slobozia,Femei_35-44
100576,Oras Buftea,Femei_35-44
100610,Municipiul Oltenita,Femei_35-44
100638,Mitreni,Femei_35-44
100683,Municipiul Urziceni,Femei_35-44
100709,Ciocarlia,Femei_35-44
100736,Manasia,Femei_35-44
100754,Adancata,Femei_35-44
100781,Adunatii-Copaceni,Femei_35-44
100834,Afumati,Femei_35-44
100852,Alexeni,Femei_35-44
100870,Armasesti,Femei_35-44
100923,Axintele,Femei_35-44
100969,Balotesti,Femei_35-44
101001,Baneasa,Femei_35-44
101056,Barcanesti,Femei_35-44
101083,Belciugatele,Femei_35-44
101145,Berceni,Femei_35-44
101163,Bolintin-Deal,Femei_35-44
101190,Oras Bolintin-Vale,Femei_35-44
101243,Brazii,Femei_35-44
101298,Branesti,Femei_35-44
101341,Brezoaele,Femei_35-44
101378,Bucsani,Femei_35-44
101458,Oras Budesti,Femei_35-44
101519,Bulbucata,Femei_35-44
101564,Butimanu,Femei_35-44
101617,Buturugeni,Femei_35-44
101662,Calugareni,Femei_35-44
101724,Cascioarele,Femei_35-44
101742,Cernica,Femei_35-44
101804,Chirnogi,Femei_35-44
101822,Chiselet,Femei_35-44
101840,Ciocanesti,Femei_35-44
101902,Ciolpani,Femei_35-44
101957,Ciorogarla,Femei_35-44
101984,Clejani,Femei_35-44
102035,Clinceni,Femei_35-44
102071,Colibasi,Femei_35-44
102106,Comana,Femei_35-44
102160,Corbeanca,Femei_35-44
102213,Cornetu,Femei_35-44
102240,Cosereni,Femei_35-44
102286,Crevedia,Femei_35-44
102348,Crevedia Mare,Femei_35-44
102419,Curcani,Femei_35-44
102446,Daia,Femei_35-44
102473,Dascalu,Femei_35-44
102525,Darasti-Ilfov,Femei_35-44
102543,1 Decembrie,Femei_35-44
102570,Domnesti,Femei_35-44
102605,Dragomiresti-Vale,Femei_35-44
102641,Dragoesti,Femei_35-44
102703,Dridu,Femei_35-44
102749,Oras Fierbinti-Targ,Femei_35-44
102794,Floresti-Stoenesti,Femei_35-44
102838,Frasinet,Femei_35-44
102909,Fratesti,Femei_35-44
102945,Frumusani,Femei_35-44
103014,Fundeni,Femei_35-44
103032,Oras Fundulea,Femei_35-44
103087,Gaiseni,Femei_35-44
103130,Ganeasa,Femei_35-44
103194,Gaujani,Femei_35-44
103238,Ghimpati,Femei_35-44
103283,Garbovi,Femei_35-44
103309,Gogosari,Femei_35-44
103354,Gostinu,Femei_35-44
103372,Gostinari,Femei_35-44
103407,Gradinari,Femei_35-44
103443,Gradistea,Femei_35-44
103470,Greaca,Femei_35-44
103513,Gruiu,Femei_35-44
103568,Gurbanesti,Femei_35-44
103639,Hotarele,Femei_35-44
103693,Iepuresti,Femei_35-44
103764,Ileana,Femei_35-44
103862,Ion Roata,Femei_35-44
103899,Izvoarele,Femei_35-44
103960,Jilavele,Femei_35-44
103997,Joita,Femei_35-44
104047,Letca Noua,Femei_35-44
104083,Luica,Femei_35-44
104118,Mihai Bravu,Femei_35-44
104136,Oras Mihailesti,Femei_35-44
104181,Manastirea,Femei_35-44
104225,Marsa,Femei_35-44
104243,Moara Vlasiei,Femei_35-44
104270,Movilita,Femei_35-44
104323,Nana,Femei_35-44
104341,Nicolae Balcescu,Femei_35-44
104387,Niculesti,Femei_35-44
104421,Nuci,Femei_35-44
104485,Ogrezeni,Femei_35-44
104519,Oinacu,Femei_35-44
104546,Peris,Femei_35-44
104582,Petrachioaia,Femei_35-44
104635,Plataresti,Femei_35-44
104680,Prundu,Femei_35-44
104715,Putineiu,Femei_35-44
104751,Radovanu,Femei_35-44
104788,Rasuceni,Femei_35-44
104831,Roata De Jos,Femei_35-44
104886,Sarulesti,Femei_35-44
104975,Schitu,Femei_35-44
105026,Sinesti,Femei_35-44
105106,Singureni,Femei_35-44
105142,Slobozia Moara,Femei_35-44
105160,Snagov,Femei_35-44
105222,Sohatu,Femei_35-44
105259,Spantov,Femei_35-44
105295,Stanesti,Femei_35-44
105348,Stoenesti,Femei_35-44
105384,Soldanu,Femei_35-44
105419,Stefanestii De Jos,Femei_35-44
105455,Tamadau Mare,Femei_35-44
105534,Tartasesti,Femei_35-44
105570,Tunari,Femei_35-44
105605,Ulmeni,Femei_35-44
105623,Ulmi,Femei_35-44
105712,Valea Argovei,Femei_35-44
105776,Valea Dragului,Femei_35-44
105794,Valea Macrisului,Femei_35-44
105829,Vasilati,Femei_35-44
105874,Varasti,Femei_35-44
105909,Vedea,Femei_35-44
105936,Vidra,Femei_35-44
105972,Vanatorii Mici,Femei_35-44
106318,Municipiul Baia Mare,Femei_35-44
106363,Grosi,Femei_35-44
106407,Recea,Femei_35-44
106461,Oras Tautii-Magheraus,Femei_35-44
106559,Municipiul Sighetu Marmatiei,Femei_35-44
106620,Sarasau,Femei_35-44
106648,Vadu Izei,Femei_35-44
106684,Oras Baia Sprie,Femei_35-44
106746,Oras Borsa,Femei_35-44
106782,Oras Cavnic,Femei_35-44
106817,Oras Targu Lapus,Femei_35-44
106979,Oras Viseu De Sus,Femei_35-44
107001,Ardusat,Femei_35-44
107047,Arinis,Femei_35-44
107083,Asuaju De Sus,Femei_35-44
107118,Baita De Sub Codru,Femei_35-44
107154,Baiut,Femei_35-44
107190,Basesti,Femei_35-44
107234,Bicaz,Femei_35-44
107270,Bistra,Femei_35-44
107314,Barsana,Femei_35-44
107350,Bocicoiu Mare,Femei_35-44
107403,Bogdan Voda,Femei_35-44
107430,Boiu Mare,Femei_35-44
107485,Botiza,Femei_35-44
107519,Budesti,Femei_35-44
107546,Calinesti,Femei_35-44
107582,Cernesti,Femei_35-44
107662,Cicarlau,Femei_35-44
107715,Campulung La Tisa,Femei_35-44
107733,Copalnic-Manastur,Femei_35-44
107868,Coroieni,Femei_35-44
107920,Cupseni,Femei_35-44
107975,Desesti,Femei_35-44
108017,Oras Dragomiresti,Femei_35-44
108035,Dumbravita,Femei_35-44
108106,Farcasa,Femei_35-44
108151,Giulesti,Femei_35-44
108204,Ieud,Femei_35-44
108222,Lapus,Femei_35-44
108240,Leordina,Femei_35-44
108268,Miresu Mare,Femei_35-44
108348,Moisei,Femei_35-44
108366,Oarta De Jos,Femei_35-44
108400,Ocna Sugatag,Femei_35-44
108455,Petrova,Femei_35-44
108473,Poienile De Sub Munte,Femei_35-44
108491,Remetea Chioarului,Femei_35-44
108552,Remeti,Femei_35-44
108598,Repedea,Femei_35-44
108614,Rona De Jos,Femei_35-44
108632,Rona De Sus,Femei_35-44
108669,Rozavlea,Femei_35-44
108696,Ruscova,Femei_35-44
108712,Satulung,Femei_35-44
108794,Sacalaseni,Femei_35-44
108874,Sacel,Femei_35-44
108892,Oras Salistea De Sus,Femei_35-44
108918,Salsig,Femei_35-44
108945,Sapanta,Femei_35-44
108963,Oras Seini,Femei_35-44
109005,Stramtura,Femei_35-44
109041,Suciu De Sus,Femei_35-44
109096,Sisesti,Femei_35-44
109176,Oras Somcuta Mare,Femei_35-44
109265,Oras Ulmeni,Femei_35-44
109354,Valea Chioarului,Femei_35-44
109425,Vima Mica,Femei_35-44
109504,Viseu De Jos,Femei_35-44
109773,Municipiul Drobeta-Turnu Severin,Femei_35-44
109826,Simian,Femei_35-44
109924,Oras Baia De Arama,Femei_35-44
110027,Obarsia-Closani,Femei_35-44
110063,Municipiul Orsova,Femei_35-44
110116,Oras Strehaia,Femei_35-44
110232,Oras Vanju Mare,Femei_35-44
110296,Bala,Femei_35-44
110456,Balta,Femei_35-44
110535,Balacita,Femei_35-44
110571,Bacles,Femei_35-44
110688,Balvanesti,Femei_35-44
110740,Breznita-Motru,Femei_35-44
110820,Breznita-Ocol,Femei_35-44
110875,Brosteni,Femei_35-44
110946,Burila Mare,Femei_35-44
111006,Butoiesti,Femei_35-44
111097,Cazanesti,Femei_35-44
111220,Ciresu,Femei_35-44
111275,Corcova,Femei_35-44
111417,Corlatel,Femei_35-44
111444,Cujmir,Femei_35-44
111480,Devesel,Femei_35-44
111550,Darvari,Femei_35-44
111587,Dumbrava,Femei_35-44
111685,Floresti,Femei_35-44
111783,Garla Mare,Femei_35-44
111818,Godeanu,Femei_35-44
111863,Gogosu,Femei_35-44
111916,Greci,Femei_35-44
111989,Grozesti,Femei_35-44
112030,Gruia,Femei_35-44
112076,Hinova,Femei_35-44
112129,Husnicioara,Femei_35-44
112245,Eselnita,Femei_35-44
112263,Ilovat,Femei_35-44
112334,Ilovita,Femei_35-44
112370,Isverna,Femei_35-44
112469,Izvoru Barzii,Femei_35-44
112548,Jiana,Femei_35-44
112600,Livezile,Femei_35-44
112664,Malovat,Femei_35-44
112744,Obarsia De Camp,Femei_35-44
112771,Oprisor,Femei_35-44
112806,Padina,Femei_35-44
112879,Patulele,Femei_35-44
112904,Dubova,Femei_35-44
112959,Podeni,Femei_35-44
112995,Ponoarele,Femei_35-44
113153,Poroina Mare,Femei_35-44
113206,Pristol,Femei_35-44
113233,Prunisor,Femei_35-44
113395,Punghina,Femei_35-44
113466,Rogova,Femei_35-44
113493,Salcia,Femei_35-44
113518,Stangaceaua,Femei_35-44
113607,Svinita,Femei_35-44
113625,Sisesti,Femei_35-44
113698,Sovarna,Femei_35-44
113732,Tamna,Femei_35-44
113849,Vanatori,Femei_35-44
113894,Vanjulet,Femei_35-44
113929,Vladaia,Femei_35-44
113974,Voloiac,Femei_35-44
114060,Branistea,Femei_35-44
114079,Vrata,Femei_35-44
114319,Municipiul Targu Mures,Femei_35-44
114355,Cristesti,Femei_35-44
114382,Sancraiu De Mures,Femei_35-44
114417,Sangeorgiu De Mures,Femei_35-44
114453,Santana De Mures,Femei_35-44
114514,Municipiul Sighisoara,Femei_35-44
114603,Albesti,Femei_35-44
114710,Oras Ludus,Femei_35-44
114809,Municipiul Reghin,Femei_35-44
114854,Oras Sovata,Femei_35-44
114925,Municipiul Tarnaveni,Femei_35-44
114970,Acatari,Femei_35-44
115076,Adamus,Femei_35-44
115147,Alunis,Femei_35-44
115183,Apold,Femei_35-44
115236,Atintis,Femei_35-44
115307,Bahnea,Femei_35-44
115389,Band,Femei_35-44
115520,Batos,Femei_35-44
115575,Bagaciu,Femei_35-44
115600,Bala,Femei_35-44
115637,Balauseri,Femei_35-44
115708,Beica De Jos,Femei_35-44
115771,Bichis,Femei_35-44
115824,Bogata,Femei_35-44
115851,Breaza,Femei_35-44
115897,Brancovenesti,Femei_35-44
115959,Ceuasu De Campie,Femei_35-44
116046,Chetani,Femei_35-44
116126,Chiheru De Jos,Femei_35-44
116171,Coroisanmartin,Femei_35-44
116224,Cozma,Femei_35-44
116288,Craciunesti,Femei_35-44
116340,Craiesti,Femei_35-44
116395,Cucerdea,Femei_35-44
116439,Cuci,Femei_35-44
116493,Danes,Femei_35-44
116545,Deda,Femei_35-44
116590,Eremitu,Femei_35-44
116652,Ernei,Femei_35-44
116723,Faragau,Femei_35-44
116796,Fantanele,Femei_35-44
116867,Galesti,Femei_35-44
116938,Ganesti,Femei_35-44
116983,Gheorghe Doja,Femei_35-44
117042,Ghindari,Femei_35-44
117113,Glodeni,Femei_35-44
117177,Gornesti,Femei_35-44
117275,Grebenisu De Campie,Femei_35-44
117319,Gurghiu,Femei_35-44
117426,Hodac,Femei_35-44
117505,Hodosa,Femei_35-44
117550,Ibanesti,Femei_35-44
117667,Iclanzel,Femei_35-44
117783,Ideciu De Jos,Femei_35-44
117827,Oras Iernut,Femei_35-44
117925,Livezeni,Femei_35-44
117998,Lunca,Femei_35-44
118058,Lunca Bradului,Femei_35-44
118094,Magherani,Femei_35-44
118209,Mica,Femei_35-44
118281,Oras Miercurea Nirajului,Femei_35-44
118370,Mihesu De Campie,Femei_35-44
118469,Nades,Femei_35-44
118511,Neaua,Femei_35-44
118575,Ogra,Femei_35-44
118637,Papiu Ilarian,Femei_35-44
118691,Panet,Femei_35-44
118753,Pasareni,Femei_35-44
118799,Petelea,Femei_35-44
118824,Pogaceaua,Femei_35-44
118931,Rastolita,Femei_35-44
118995,Raciu,Femei_35-44
119153,Rusii-Munti,Femei_35-44
119206,Saschiz,Femei_35-44
119242,Oras Sarmasu,Femei_35-44
119331,Oras Sangeorgiu De Padure,Femei_35-44
119386,Sanger,Femei_35-44
119466,Sanpaul,Femei_35-44
119527,Sanpetru De Campie,Femei_35-44
119590,Solovastru,Femei_35-44
119625,Stanceni,Femei_35-44
119661,Suplac,Femei_35-44
119723,Suseni,Femei_35-44
119750,Saulia,Femei_35-44
119803,Sincai,Femei_35-44
119858,Taureni,Femei_35-44
119894,Oras Ungheni,Femei_35-44
119974,Valea Larga,Femei_35-44
120076,Vargata,Femei_35-44
120138,Vatava,Femei_35-44
120174,Vetca,Femei_35-44
120218,Viisoara,Femei_35-44
120254,Vanatori,Femei_35-44
120316,Voivodeni,Femei_35-44
120343,Zagar,Femei_35-44
120370,Zau De Campie,Femei_35-44
120478,Chibed,Femei_35-44
120487,Corunca,Femei_35-44
120496,Sarateni,Femei_35-44
120502,Madaras,Femei_35-44
120511,Bereni,Femei_35-44
120726,Municipiul Piatra-Neamt,Femei_35-44
120771,Dumbrava Rosie,Femei_35-44
120824,Savinesti,Femei_35-44
120860,Municipiul Roman,Femei_35-44
120888,Cordun,Femei_35-44
120922,Horia,Femei_35-44
120968,Oras Bicaz,Femei_35-44
121055,Oras Targu Neamt,Femei_35-44
121108,Agapia,Femei_35-44
121153,Bahna,Femei_35-44
121242,Baltatesti,Femei_35-44
121297,Bicaz-Chei,Femei_35-44
121340,Bicazu Ardelean,Femei_35-44
121386,Bira,Femei_35-44
121466,Bargauani,Femei_35-44
121607,Bodesti,Femei_35-44
121652,Borca,Femei_35-44
121732,Borlesti,Femei_35-44
121796,Botesti,Femei_35-44
121876,Bozieni,Femei_35-44
121938,Brusturi,Femei_35-44
122025,Ceahlau,Femei_35-44
122061,Candesti,Femei_35-44
122132,Costisa,Femei_35-44
122187,Cracaoani,Femei_35-44
122249,Damuc,Femei_35-44
122285,Dobreni,Femei_35-44
122347,Doljesti,Femei_35-44
122392,Dragomiresti,Femei_35-44
122463,Dulcesti,Femei_35-44
122551,Farcasa,Femei_35-44
122613,Faurei,Femei_35-44
122668,Gheraesti,Femei_35-44
122702,Girov,Femei_35-44
122828,Garcina,Femei_35-44
122864,Grinties,Femei_35-44
122908,Grumazesti,Femei_35-44
122953,Hangu,Femei_35-44
123013,Icusesti,Femei_35-44
123102,Ion Creanga,Femei_35-44
123175,Margineni,Femei_35-44
123228,Moldoveni,Femei_35-44
123255,Oniceni,Femei_35-44
123371,Pastraveni,Femei_35-44
123424,Petricani,Femei_35-44
123479,Piatra Soimului,Femei_35-44
123521,Pipirig,Femei_35-44
123601,Pangarati,Femei_35-44
123674,Podoleni,Femei_35-44
123709,Poienari,Femei_35-44
123790,Poiana Teiului,Femei_35-44
123914,Raucesti,Femei_35-44
123969,Razboieni,Femei_35-44
124028,Rediu,Femei_35-44
124073,Romani,Femei_35-44
124117,Oras Roznov,Femei_35-44
124153,Sagna,Femei_35-44
124206,Sabaoani,Femei_35-44
124233,Secuieni,Femei_35-44
124331,Stanita,Femei_35-44
124411,Stefan Cel Mare,Femei_35-44
124493,Tarcau,Femei_35-44
124563,Tasca,Femei_35-44
124616,Tazlau,Femei_35-44
124634,Tamaseni,Femei_35-44
124661,Timisesti,Femei_35-44
124723,Trifesti,Femei_35-44
124750,Tupilati,Femei_35-44
124803,Tibucani,Femei_35-44
124849,Urecheni,Femei_35-44
124885,Valea Ursului,Femei_35-44
124938,Alexandru Cel Bun,Femei_35-44
125016,Vanatori-Neamt,Femei_35-44
125061,Zanesti,Femei_35-44
125098,Dochia,Femei_35-44
125105,Ruginoasa,Femei_35-44
125114,Ghindaoani,Femei_35-44
125123,Valeni,Femei_35-44
125132,Draganesti,Femei_35-44
125141,Pancesti,Femei_35-44
125150,Gadinti,Femei_35-44
125169,Negresti,Femei_35-44
125178,Boghicea,Femei_35-44
125347,Municipiul Slatina,Femei_35-44
125374,Slatioara,Femei_35-44
125418,Oras Bals,Femei_35-44
125472,Municipiul Caracal,Femei_35-44
125490,Draghiceni,Femei_35-44
125542,Oras Corabia,Femei_35-44
125588,Garcov,Femei_35-44
125622,Oras Draganesti-Olt,Femei_35-44
125659,Babiciu,Femei_35-44
125677,Baldovinesti,Femei_35-44
125757,Barasti,Femei_35-44
125846,Barza,Femei_35-44
125873,Bobicesti,Femei_35-44
125962,Brastavatu,Femei_35-44
125999,Brebeni,Femei_35-44
126022,Brancoveni,Femei_35-44
126077,Bucinisu,Femei_35-44
126102,Cezieni,Femei_35-44
126148,Cilieni,Femei_35-44
126166,Carlogani,Femei_35-44
126228,Colonesti,Femei_35-44
126326,Corbu,Femei_35-44
126380,Coteana,Femei_35-44
126406,Crampoia,Femei_35-44
126433,Curtisoara,Femei_35-44
126503,Cungrea,Femei_35-44
126585,Daneasa,Femei_35-44
126647,Deveselu,Femei_35-44
126674,Dobretu,Femei_35-44
126718,Dobrosloveni,Femei_35-44
126772,Dobroteasa,Femei_35-44
126825,Dobrun,Femei_35-44
126905,Fagetelu,Femei_35-44
126978,Falcoiu,Femei_35-44
127019,Farcasele,Femei_35-44
127064,Ganeasa,Femei_35-44
127126,Giuvarasti,Femei_35-44
127144,Gostavatu,Femei_35-44
127171,Gradinari,Femei_35-44
127224,Grojdibodu,Femei_35-44
127251,Ianca,Femei_35-44
127288,Iancu Jianu,Femei_35-44
127322,Icoana,Femei_35-44
127368,Izbiceni,Femei_35-44
127386,Izvoarele,Femei_35-44
127411,Leleasca,Femei_35-44
127493,Maruntei,Femei_35-44
127536,Mihaesti,Femei_35-44
127563,Milcov,Femei_35-44
127625,Morunglav,Femei_35-44
127689,Movileni,Femei_35-44
127714,Nicolae Titulescu,Femei_35-44
127750,Obarsia,Femei_35-44
127812,Oboga,Femei_35-44
127858,Oporelu,Femei_35-44
127901,Optasi-Magura,Femei_35-44
127938,Orlea,Femei_35-44
127983,Osica De Sus,Femei_35-44
128052,Perieti,Femei_35-44
128105,Oras Piatra-Olt,Femei_35-44
128178,Parscoveni,Femei_35-44
128221,Plesoiu,Femei_35-44
128301,Poboru,Femei_35-44
128374,Oras Potcoava,Femei_35-44
128436,Priseaca,Femei_35-44
128472,Radomiresti,Femei_35-44
128524,Redea,Femei_35-44
128560,Rotunda,Femei_35-44
128588,Rusanesti,Femei_35-44
128613,Scarisoara,Femei_35-44
128659,Schitu,Femei_35-44
128711,Oras Scornicesti,Femei_35-44
128864,Seaca,Femei_35-44
128882,Samburesti,Femei_35-44
128962,Spineni,Femei_35-44
129040,Sprancenata,Femei_35-44
129095,Stoenesti,Femei_35-44
129111,Stoicanesti,Femei_35-44
129139,Strejesti,Femei_35-44
129184,Studina,Femei_35-44
129246,Serbanesti,Femei_35-44
129282,Stefan Cel Mare,Femei_35-44
129317,Tatulesti,Femei_35-44
129380,Teslui,Femei_35-44
129460,Tia Mare,Femei_35-44
129503,Topana,Femei_35-44
129567,Traian,Femei_35-44
129585,Tufeni,Femei_35-44
129629,Urzica,Femei_35-44
129656,Valea Mare,Femei_35-44
129718,Vadastra,Femei_35-44
129745,Vadastrita,Femei_35-44
129763,Valeni,Femei_35-44
129816,Verguleasa,Femei_35-44
129898,Visina,Femei_35-44
129914,Vitomiresti,Femei_35-44
129987,Valcele,Femei_35-44
130026,Vladila,Femei_35-44
130062,Voineasa,Femei_35-44
130124,Vulpeni,Femei_35-44
130231,Vulturesti,Femei_35-44
130286,Balteni,Femei_35-44
130295,Calui,Femei_35-44
130302,Gavanesti,Femei_35-44
130311,Ghimpeteni,Femei_35-44
130320,Gradinile,Femei_35-44
130339,Gura Padinii,Femei_35-44
130348,Ipotesti,Femei_35-44
130357,Osica De Jos,Femei_35-44
130366,Sarbii - Magura,Femei_35-44
130375,Visina Noua,Femei_35-44
130384,Soparlita,Femei_35-44
130534,Municipiul Ploiesti,Femei_35-44
130552,Barcanesti,Femei_35-44
130614,Berceni,Femei_35-44
130678,Blejoi,Femei_35-44
130712,Brazi,Femei_35-44
130785,Bucov,Femei_35-44
130847,Paulesti,Femei_35-44
130892,Targsoru Vechi,Femei_35-44
130954,Oras Azuga,Femei_35-44
130981,Oras Baicoi,Femei_35-44
131069,Oras Boldesti-Scaeni,Femei_35-44
131103,Oras Breaza,Femei_35-44
131210,Oras Busteni,Femei_35-44
131256,Municipiul Campina,Femei_35-44
131274,Poiana Campina,Femei_35-44
131336,Oras Comarnic,Femei_35-44
131407,Oras Mizil,Femei_35-44
131443,Oras Plopeni,Femei_35-44
131461,Dumbravesti,Femei_35-44
131540,Oras Sinaia,Femei_35-44
131577,Oras Slanic,Femei_35-44
131620,Oras Urlati,Femei_35-44
131817,Oras Valenii De Munte,Femei_35-44
131835,Gura Vitioarei,Femei_35-44
131899,Adunati,Femei_35-44
131933,Albesti-Paleologu,Femei_35-44
131988,Alunis,Femei_35-44
132011,Apostolache,Femei_35-44
132075,Aricestii Rahtivani,Femei_35-44
132137,Aricestii Zeletin,Femei_35-44
132164,Baba Ana,Femei_35-44
132226,Balta Doamnei,Femei_35-44
132271,Baltesti,Femei_35-44
132315,Banesti,Femei_35-44
132342,Bertea,Femei_35-44
132379,Boldesti-Gradistea,Femei_35-44
132404,Brebu,Femei_35-44
132459,Calugareni,Femei_35-44
132486,Carbunesti,Femei_35-44
132510,Ceptura,Femei_35-44
132574,Cerasu,Femei_35-44
132645,Chiojdeanca,Femei_35-44
132681,Ciorani,Femei_35-44
132716,Cocorastii Mislii,Femei_35-44
132752,Colceag,Femei_35-44
132805,Cornu,Femei_35-44
132841,Cosminele,Femei_35-44
132896,Drajna,Femei_35-44
133018,Draganesti,Femei_35-44
133090,Dumbrava,Femei_35-44
133161,Filipestii De Padure,Femei_35-44
133214,Filipestii De Targ,Femei_35-44
133278,Fantanele,Femei_35-44
133330,Floresti,Femei_35-44
133394,Fulga,Femei_35-44
133429,Gherghita,Femei_35-44
133508,Gorgota,Femei_35-44
133562,Gornet,Femei_35-44
133615,Gornet-Cricov,Femei_35-44
133688,Gura Vadului,Femei_35-44
133722,Iordacheanu,Femei_35-44
133795,Izvoarele,Femei_35-44
133866,Jugureni,Femei_35-44
133919,Lapos,Femei_35-44
133964,Lipanesti,Femei_35-44
134014,Magurele,Femei_35-44
134050,Magureni,Femei_35-44
134096,Maneciu,Femei_35-44
134194,Manesti,Femei_35-44
134336,Pacureti,Femei_35-44
134390,Plopu,Femei_35-44
134443,Podenii Noi,Femei_35-44
134559,Poienarii Burchii,Femei_35-44
134648,Posesti,Femei_35-44
134755,Predeal-Sarari,Femei_35-44
134853,Provita De Jos,Femei_35-44
134899,Provita De Sus,Femei_35-44
134942,Puchenii Mari,Femei_35-44
135020,Rafov,Femei_35-44
135128,Salcia,Femei_35-44
135146,Salciile,Femei_35-44
135164,Scorteni,Femei_35-44
135226,Secaria,Femei_35-44
135244,Sangeru,Femei_35-44
135315,Starchiojd,Femei_35-44
135404,Surani,Femei_35-44
135431,Sirna,Femei_35-44
135501,Soimari,Femei_35-44
135547,Sotrile,Femei_35-44
135618,Stefesti,Femei_35-44
135654,Talea,Femei_35-44
135681,Tataru,Femei_35-44
135725,Teisani,Femei_35-44
135789,Telega,Femei_35-44
135850,Tinosu,Femei_35-44
135896,Tomsani,Femei_35-44
135949,Valea Calugareasca,Femei_35-44
136107,Valea Doftanei,Femei_35-44
136134,Varbilau,Femei_35-44
136198,Valcanesti,Femei_35-44
136241,Cocorastii Colt,Femei_35-44
136250,Olari,Femei_35-44
136269,Vadu Sapat,Femei_35-44
136278,Batrani,Femei_35-44
136483,Municipiul Satu Mare,Femei_35-44
136526,Municipiul Carei,Femei_35-44
136553,Capleni,Femei_35-44
136599,Oras Negresti-Oas,Femei_35-44
136642,Oras Tasnad,Femei_35-44
136713,Acas,Femei_35-44
136768,Andrid,Femei_35-44
136802,Apa,Femei_35-44
136848,Oras Ardud,Femei_35-44
136919,Batarci,Femei_35-44
136964,Beltiug,Femei_35-44
137032,Berveni,Femei_35-44
137069,Bixad,Femei_35-44
137103,Barsau,Femei_35-44
137130,Bogdand,Femei_35-44
137185,Botiz,Femei_35-44
137229,Calinesti-Oas,Femei_35-44
137274,Camarzana,Femei_35-44
137292,Cauas,Femei_35-44
137363,Cehal,Femei_35-44
137407,Certeze,Femei_35-44
137443,Craidorolt,Femei_35-44
137504,Crucisor,Femei_35-44
137540,Culciu,Femei_35-44
137611,Doba,Femei_35-44
137675,Dorolt,Femei_35-44
137728,Foieni,Femei_35-44
137746,Gherta Mica,Femei_35-44
137764,Halmeu,Femei_35-44
137844,Hodod,Femei_35-44
137899,Homoroade,Femei_35-44
137960,Lazuri,Femei_35-44
138039,Oras Livada,Femei_35-44
138084,Mediesu Aurit,Femei_35-44
138164,Micula,Femei_35-44
138208,Moftin,Femei_35-44
138280,Odoreu,Femei_35-44
138351,Orasu Nou,Femei_35-44
138431,Paulesti,Femei_35-44
138501,Petresti,Femei_35-44
138538,Pir,Femei_35-44
138574,Piscolt,Femei_35-44
138618,Pomi,Femei_35-44
138663,Sanislau,Femei_35-44
138734,Santau,Femei_35-44
138770,Sacaseni,Femei_35-44
138805,Sauca,Femei_35-44
138869,Socond,Femei_35-44
138921,Supur,Femei_35-44
139009,Tarna Mare,Femei_35-44
139054,Terebesti,Femei_35-44
139107,Tiream,Femei_35-44
139143,Tarsolt,Femei_35-44
139170,Turt,Femei_35-44
139214,Turulung,Femei_35-44
139250,Urziceni,Femei_35-44
139287,Valea Vinului,Femei_35-44
139330,Vama,Femei_35-44
139358,Vetis,Femei_35-44
139394,Viile Satu Mare,Femei_35-44
139704,Municipiul Zalau,Femei_35-44
139740,Oras Cehu Silvaniei,Femei_35-44
139811,Oras Jibou,Femei_35-44
139884,Oras Simleu Silvaniei,Femei_35-44
139937,Agrij,Femei_35-44
139982,Almasu,Femei_35-44
140084,Babeni,Femei_35-44
140146,Balan,Femei_35-44
140208,Banisor,Femei_35-44
140244,Benesat,Femei_35-44
140280,Bobota,Femei_35-44
140324,Bocsa,Femei_35-44
140379,Buciumi,Femei_35-44
140440,Camar,Femei_35-44
140477,Carastelec,Femei_35-44
140501,Chiesd,Femei_35-44
140547,Cizer,Femei_35-44
140583,Coseiu,Femei_35-44
140627,Crasna,Femei_35-44
140672,Creaca,Femei_35-44
140770,Cristolt,Femei_35-44
140823,Criseni,Femei_35-44
140869,Cuzaplac,Femei_35-44
140958,Dobrin,Femei_35-44
141027,Dragu,Femei_35-44
141081,Fildu De Jos,Femei_35-44
141134,Galgau,Femei_35-44
141232,Garbou,Femei_35-44
141312,Halmasd,Femei_35-44
141376,Hereclean,Femei_35-44
141447,Hida,Femei_35-44
141535,Horoatu Crasnei,Femei_35-44
141580,Ileanda,Femei_35-44
141722,Ip,Femei_35-44
141786,Letca,Femei_35-44
141884,Lozna,Femei_35-44
141946,Marca,Femei_35-44
142006,Maeriste,Femei_35-44
142079,Mesesenii De Jos,Femei_35-44
142122,Mirsid,Femei_35-44
142177,Napradea,Femei_35-44
142239,Nusfalau,Femei_35-44
142284,Pericei,Femei_35-44
142337,Plopis,Femei_35-44
142373,Poiana Blenchii,Femei_35-44
142426,Romanasi,Femei_35-44
142499,Rus,Femei_35-44
142550,Salatig,Femei_35-44
142612,Sag,Femei_35-44
142676,Sanmihaiu Almasului,Femei_35-44
142710,Somes-Odorhei,Femei_35-44
142774,Surduc,Femei_35-44
142854,Samsud,Femei_35-44
142881,Sarmasag,Femei_35-44
142952,Valcau De Jos,Femei_35-44
143021,Varsolt,Femei_35-44
143067,Zalha,Femei_35-44
143147,Zimbor,Femei_35-44
143450,Municipiul Sibiu,Femei_35-44
143487,Cristian,Femei_35-44
143502,Poplaca,Femei_35-44
143520,Rasinari,Femei_35-44
143557,Selimbar,Femei_35-44
143619,Municipiul Medias,Femei_35-44
143646,Tarnava,Femei_35-44
143682,Oras Agnita,Femei_35-44
143735,Oras Cisnadie,Femei_35-44
143771,Oras Copsa Mica,Femei_35-44
143806,Oras Dumbraveni,Femei_35-44
143851,Oras Ocna Sibiului,Femei_35-44
143888,Altina,Femei_35-44
143922,Apoldu De Jos,Femei_35-44
143959,Arpasu De Jos,Femei_35-44
143995,Atel,Femei_35-44
144054,Oras Avrig,Femei_35-44
144116,Axente Sever,Femei_35-44
144152,Bazna,Femei_35-44
144198,Biertan,Femei_35-44
144232,Barghis,Femei_35-44
144303,Blajel,Femei_35-44
144349,Brateiu,Femei_35-44
144376,Bradeni,Femei_35-44
144410,Bruiu,Femei_35-44
144456,Chirpar,Femei_35-44
144508,Carta,Femei_35-44
144535,Cartisoara,Femei_35-44
144553,Darlos,Femei_35-44
144599,Gura Raului,Femei_35-44
144615,Hoghilag,Femei_35-44
144651,Iacobeni,Femei_35-44
144713,Jina,Femei_35-44
144731,Laslea,Femei_35-44
144795,Loamnes,Femei_35-44
144866,Ludos,Femei_35-44
144893,Marpod,Femei_35-44
144928,Oras Miercurea Sibiului,Femei_35-44
144964,Merghindeal,Femei_35-44
144991,Micasasa,Femei_35-44
145042,Mihaileni,Femei_35-44
145104,Mosna,Femei_35-44
145140,Nocrich,Femei_35-44
145202,Orlat,Femei_35-44
145220,Pauca,Femei_35-44
145275,Poiana Sibiului,Femei_35-44
145293,Porumbacu De Jos,Femei_35-44
145355,Racovita,Femei_35-44
145382,Rau Sadului,Femei_35-44
145408,Rosia,Femei_35-44
145471,Sadu,Femei_35-44
145499,Oras Saliste,Femei_35-44
145603,Slimnic,Femei_35-44
145667,Seica Mare,Femei_35-44
145738,Seica Mica,Femei_35-44
145765,Sura Mare,Femei_35-44
145792,Sura Mica,Femei_35-44
145827,Oras Talmaciu,Femei_35-44
145907,Tilisca,Femei_35-44
145934,Turnu Rosu,Femei_35-44
145961,Valea Viilor,Femei_35-44
145998,Vurpar,Femei_35-44
146012,Alma,Femei_35-44
146021,Boita,Femei_35-44
146263,Municipiul Suceava,Femei_35-44
146281,Ipotesti,Femei_35-44
146325,Mitocu Dragomirnei,Femei_35-44
146370,Oras Salcea,Femei_35-44
146432,Scheia,Femei_35-44
146502,Municipiul Campulung Moldovenesc,Femei_35-44
146539,Municipiul Falticeni,Femei_35-44
146584,Oras Gura Humorului,Femei_35-44
146628,Municipiul Radauti,Femei_35-44
146655,Oras Siret,Femei_35-44
146708,Oras Solca,Femei_35-44
146744,Municipiul Vatra Dornei,Femei_35-44
146799,Adancata,Femei_35-44
146860,Arbore,Femei_35-44
146904,Baia,Femei_35-44
146931,Oras Milisauti,Femei_35-44
146995,Balcauti,Femei_35-44
147036,Bilca,Femei_35-44
147054,Bogdanesti,Femei_35-44
147072,Boroaia,Femei_35-44
147134,Bosanci,Femei_35-44
147161,Botosana,Femei_35-44
147205,Breaza,Femei_35-44
147241,Brodina,Femei_35-44
147358,Oras Brosteni,Femei_35-44
147465,Bunesti,Femei_35-44
147526,Cacica,Femei_35-44
147580,Calafindesti,Femei_35-44
147633,Oras Cajvana,Femei_35-44
147660,Ilisesti,Femei_35-44
147713,Carlibaba,Femei_35-44
147786,Cornu Luncii,Femei_35-44
147884,Crucea,Femei_35-44
147937,Darmanesti,Femei_35-44
148006,Oras Dolhasca,Femei_35-44
148097,Dolhesti,Femei_35-44
148131,Dorna-Arini,Femei_35-44
148202,Dorna Candrenilor,Femei_35-44
148293,Dornesti,Femei_35-44
148328,Dragoiesti,Femei_35-44
148382,Draguseni,Femei_35-44
148426,Dumbraveni,Femei_35-44
148453,Fantanele,Femei_35-44
148514,Forasti,Femei_35-44
148612,Oras Frasin,Femei_35-44
148667,Fratautii Noi,Femei_35-44
148694,Fratautii Vechi,Femei_35-44
148729,Frumosu,Femei_35-44
148765,Fundu Moldovei,Femei_35-44
148872,Galanesti,Femei_35-44
148916,Gramesti,Femei_35-44
148970,Granicesti,Femei_35-44
149049,Horodniceni,Femei_35-44
149101,Horodnic De Jos,Femei_35-44
149138,Iacobeni,Femei_35-44
149183,Izvoarele Sucevei,Femei_35-44
149227,Oras Liteni,Femei_35-44
149290,Marginea,Femei_35-44
149316,Malini,Femei_35-44
149370,Manastirea Humorului,Femei_35-44
149414,Moara,Femei_35-44
149502,Moldova-Sulita,Femei_35-44
149539,Moldovita,Femei_35-44
149584,Musenita,Femei_35-44
149655,Ostra,Femei_35-44
149682,Panaci,Femei_35-44
149753,Paltinoasa,Femei_35-44
149780,Partestii De Jos,Femei_35-44
149833,Patrauti,Femei_35-44
149851,Poiana Stampei,Femei_35-44
149931,Pojorata,Femei_35-44
149968,Preutesti,Femei_35-44
150043,Putna,Femei_35-44
150070,Radaseni,Femei_35-44
150114,Rasca,Femei_35-44
150178,Sadova,Femei_35-44
150196,Satu Mare,Femei_35-44
150221,Siminicea,Femei_35-44
150258,Slatina,Femei_35-44
150294,Straja,Femei_35-44
150310,Stroiesti,Femei_35-44
150356,Stulpicani,Femei_35-44
150418,Sucevita,Femei_35-44
150445,Saru Dornei,Femei_35-44
150524,Todiresti,Femei_35-44
150588,Udesti,Femei_35-44
150702,Ulma,Femei_35-44
150766,Vadu Moldovei,Femei_35-44
150891,Valea Moldovei,Femei_35-44
150935,Vama,Femei_35-44
150980,Vatra Moldovitei,Femei_35-44
151022,Veresti,Femei_35-44
151077,Vicovu De Jos,Femei_35-44
151095,Oras Vicovu De Sus,Femei_35-44
151120,Volovat,Femei_35-44
151157,Vulturesti,Femei_35-44
151246,Zamostea,Femei_35-44
151344,Zvoristea,Femei_35-44
151433,Comanesti,Femei_35-44
151442,Iaslovat,Femei_35-44
151451,Ciocanesti,Femei_35-44
151460,Serbauti,Femei_35-44
151479,Horodnic De Sus,Femei_35-44
151488,Fantana Mare,Femei_35-44
151497,Cosna,Femei_35-44
151503,Capu Campului,Femei_35-44
151512,Hantesti,Femei_35-44
151521,Burla,Femei_35-44
151530,Balaceana,Femei_35-44
151549,Hartop,Femei_35-44
151558,Voitinel,Femei_35-44
151567,Ciprian Porumbescu,Femei_35-44
151576,Berchisesti,Femei_35-44
151585,Poieni-Solca,Femei_35-44
151683,Municipiul Turnu Magurele,Femei_35-44
151709,Ciuperceni,Femei_35-44
151736,Islaz,Femei_35-44
151763,Lita,Femei_35-44
151790,Municipiul Alexandria,Femei_35-44
151816,Nanov,Femei_35-44
151834,Poroschia,Femei_35-44
151870,Municipiul Rosiori De Vede,Femei_35-44
151905,Oras Videle,Femei_35-44
151932,Crevenicu,Femei_35-44
151978,Oras Zimnicea,Femei_35-44
151996,Balaci,Femei_35-44
152038,Babaita,Femei_35-44
152083,Blejesti,Femei_35-44
152127,Bogdana,Femei_35-44
152172,Botoroaga,Femei_35-44
152234,Bragadiru,Femei_35-44
152252,Branceni,Femei_35-44
152270,Bujoreni,Femei_35-44
152314,Bujoru,Femei_35-44
152332,Buzescu,Femei_35-44
152350,Calinesti,Femei_35-44
152412,Calmatuiu,Femei_35-44
152467,Calmatuiu De Sus,Femei_35-44
152500,Cervenia,Femei_35-44
152528,Ciolanesti,Femei_35-44
152564,Contesti,Femei_35-44
152582,Cosmesti,Femei_35-44
152617,Crangeni,Femei_35-44
152662,Crangu,Femei_35-44
152724,Didesti,Femei_35-44
152760,Dobrotesti,Femei_35-44
152797,Dracsenei,Femei_35-44
152868,Draganesti De Vede,Femei_35-44
152902,Draganesti-Vlasca,Femei_35-44
152948,Furculesti,Femei_35-44
152993,Frumoasa,Femei_35-44
153026,Galateni,Femei_35-44
153062,Gratia,Femei_35-44
153106,Izvoarele,Femei_35-44
153124,Lisa,Femei_35-44
153151,Lunca,Femei_35-44
153204,Mavrodin,Femei_35-44
153240,Magura,Femei_35-44
153277,Maldaeni,Femei_35-44
153295,Mereni,Femei_35-44
153339,Marzanesti,Femei_35-44
153384,Mosteni,Femei_35-44
153400,Nasturelu,Femei_35-44
153437,Necsesti,Femei_35-44
153473,Olteni,Femei_35-44
153507,Orbeasca,Femei_35-44
153543,Peretu,Femei_35-44
153561,Piatra,Femei_35-44
153589,Pietrosani,Femei_35-44
153605,Plosca,Femei_35-44
153623,Plopii-Slavitesti,Femei_35-44
153696,Poeni,Femei_35-44
153776,Vitanesti,Femei_35-44
153829,Putineiu,Femei_35-44
153865,Radoiesti,Femei_35-44
153909,Rasmiresti,Femei_35-44
153936,Salcia,Femei_35-44
153972,Saceni,Femei_35-44
154013,Scrioastea,Femei_35-44
154068,Scurtu Mare,Femei_35-44
154139,Seaca,Femei_35-44
154166,Sfintesti,Femei_35-44
154184,Segarcea-Vale,Femei_35-44
154228,Silistea,Femei_35-44
154282,Silistea-Gumesti,Femei_35-44
154308,Sarbeni,Femei_35-44
154344,Slobozia Mandra,Femei_35-44
154380,Smardioasa,Femei_35-44
154415,Stejaru,Femei_35-44
154460,Suhaia,Femei_35-44
154497,Storobaneasa,Femei_35-44
154521,Talpa,Femei_35-44
154585,Tatarastii De Jos,Femei_35-44
154665,Tatarastii De Sus,Femei_35-44
154709,Toporu,Femei_35-44
154736,Traian,Femei_35-44
154754,Trivalea-Mosteni,Femei_35-44
154790,Troianul,Femei_35-44
154834,Tiganesti,Femei_35-44
154852,Vedea,Femei_35-44
154914,Viisoara,Femei_35-44
154932,Vartoape,Femei_35-44
154978,Zambreasca,Femei_35-44
154996,Nenciulesti,Femei_35-44
155083,Beciu,Femei_35-44
155092,Beuca,Femei_35-44
155109,Dracea,Femei_35-44
155118,Fantanele,Femei_35-44
155127,Frasinet,Femei_35-44
155136,Purani,Femei_35-44
155145,Saelele,Femei_35-44
155154,Uda-Clocociov,Femei_35-44
155243,Municipiul Timisoara,Femei_35-44
155261,Dumbravita,Femei_35-44
155289,Ghiroda,Femei_35-44
155314,Giroc,Femei_35-44
155350,Municipiul Lugoj,Femei_35-44
155403,Oras Buzias,Femei_35-44
155458,Oras Deta,Femei_35-44
155494,Oras Jimbolia,Femei_35-44
155528,Oras Sannicolau Mare,Femei_35-44
155546,Balint,Femei_35-44
155591,Banloc,Femei_35-44
155662,Bara,Femei_35-44
155724,Beba Veche,Femei_35-44
155760,Becicherecu Mic,Femei_35-44
155797,Belint,Femei_35-44
155840,Bethausen,Femei_35-44
155911,Biled,Femei_35-44
155957,Barna,Femei_35-44
156035,Bogda,Femei_35-44
156106,Boldur,Femei_35-44
156151,Brestovat,Femei_35-44
156213,Carpinis,Femei_35-44
156259,Cenad,Femei_35-44
156277,Cenei,Femei_35-44
156311,Cheveresu Mare,Femei_35-44
156357,Oras Ciacova,Femei_35-44
156437,Comlosu Mare,Femei_35-44
156473,Costeiu,Femei_35-44
156534,Criciova,Femei_35-44
156589,Curtea,Femei_35-44
156623,Darova,Femei_35-44
156669,Denta,Femei_35-44
156712,Dudestii Vechi,Femei_35-44
156767,Dumbrava,Femei_35-44
156801,Oras Faget,Femei_35-44
156927,Fardea,Femei_35-44
157004,Foeni,Femei_35-44
157031,Gavojdia,Femei_35-44
157086,Oras Gataia,Femei_35-44
157193,Ghizela,Femei_35-44
157246,Giarmata,Femei_35-44
157273,Giera,Femei_35-44
157317,Giulvaz,Femei_35-44
157362,Jamu Mare,Femei_35-44
157424,Jebel,Femei_35-44
157451,Lenauheim,Femei_35-44
157497,Liebling,Femei_35-44
157530,Lovrin,Femei_35-44
157585,Margina,Femei_35-44
157683,Masloc,Femei_35-44
157736,Manastiur,Femei_35-44
157781,Moravita,Femei_35-44
157834,Mosnita Noua,Femei_35-44
157898,Nadrag,Femei_35-44
157923,Nitchidorf,Femei_35-44
157969,Ohaba Lunga,Femei_35-44
158010,Ortisoara,Femei_35-44
158065,Peciu Nou,Femei_35-44
158109,Periam,Femei_35-44
158136,Pietroasa,Femei_35-44
158181,Pischia,Femei_35-44
158243,Racovita,Femei_35-44
158314,Oras Recas,Femei_35-44
158396,Remetea Mare,Femei_35-44
158449,Sacosu Turcesc,Femei_35-44
158528,Satchinez,Femei_35-44
158564,Sacalaz,Femei_35-44
158608,Secas,Femei_35-44
158653,Sanandrei,Femei_35-44
158699,Sanmihaiu Roman,Femei_35-44
158733,Sanpetru Mare,Femei_35-44
158779,Sag,Femei_35-44
158804,Stiuca,Femei_35-44
158859,Teremia Mare,Femei_35-44
158895,Tomesti,Femei_35-44
158966,Topolovatu Mare,Femei_35-44
159035,Tormac,Femei_35-44
159071,Traian Vuia,Femei_35-44
159142,Uivar,Femei_35-44
159213,Varias,Femei_35-44
159259,Victor Vlad Delamarina,Femei_35-44
159339,Voiteg,Femei_35-44
159366,Birda,Femei_35-44
159375,Checea,Femei_35-44
159384,Dudestii Noi,Femei_35-44
159393,Fibis,Femei_35-44
159400,Ghilad,Femei_35-44
159419,Gottlob,Femei_35-44
159428,Iecea Mare,Femei_35-44
159437,Parta,Femei_35-44
159446,Padureni,Femei_35-44
159455,Saravale,Femei_35-44
159464,Sandra,Femei_35-44
159473,Tomnatic,Femei_35-44
159482,Valcani,Femei_35-44
159491,Livezile,Femei_35-44
159507,Pesac,Femei_35-44
159516,Bucovat,Femei_35-44
159525,Otelec,Femei_35-44
159614,Municipiul Tulcea,Femei_35-44
159650,Oras Babadag,Femei_35-44
159687,Oras Isaccea,Femei_35-44
159730,Oras Macin,Femei_35-44
159767,Oras Sulina,Femei_35-44
159785,Baia,Femei_35-44
159847,Beidaud,Femei_35-44
159883,C.a. Rosetti,Femei_35-44
159945,Carcaliu,Femei_35-44
159963,Casimcea,Femei_35-44
160047,Ceatalchioi,Femei_35-44
160092,Ceamurlia De Jos,Femei_35-44
160127,Cerna,Femei_35-44
160172,Chilia Veche,Femei_35-44
160225,Ciucurova,Femei_35-44
160261,Crisan,Femei_35-44
160305,Daeni,Femei_35-44
160323,Dorobantu,Femei_35-44
160387,Frecatei,Femei_35-44
160430,Greci,Femei_35-44
160458,Grindu,Femei_35-44
160476,Hamcearca,Femei_35-44
160528,Horia,Femei_35-44
160564,Izvoarele,Femei_35-44
160617,Jijila,Femei_35-44
160644,Jurilovca,Femei_35-44
160680,Luncavita,Femei_35-44
160724,Mahmudia,Femei_35-44
160779,Maliuc,Femei_35-44
160831,Mihai Bravu,Femei_35-44
160877,Mihail Kogalniceanu,Femei_35-44
160911,Murighiol,Femei_35-44
160993,Nalbant,Femei_35-44
161035,Niculitel,Femei_35-44
161053,Nufaru,Femei_35-44
161106,Ostrov,Femei_35-44
161133,Pardina,Femei_35-44
161151,Peceneaga,Femei_35-44
161179,Sarichioi,Femei_35-44
161231,Sfantu Gheorghe,Femei_35-44
161259,Slava Cercheza,Femei_35-44
161286,Smardan,Femei_35-44
161302,Somova,Femei_35-44
161348,Stejaru,Femei_35-44
161384,Topolog,Femei_35-44
161464,Turcoaia,Femei_35-44
161482,Valea Nucarilor,Femei_35-44
161525,I.c.bratianu,Femei_35-44
161543,Vacareni,Femei_35-44
161552,Bestepe,Femei_35-44
161561,Valea Teilor,Femei_35-44
161794,Municipiul Barlad,Femei_35-44
161829,Municipiul Husi,Femei_35-44
161856,Oras Negresti,Femei_35-44
161945,Municipiul Vaslui,Femei_35-44
162014,Albesti,Femei_35-44
162069,Alexandru Vlahuta,Femei_35-44
162149,Arsura,Femei_35-44
162194,Banca,Femei_35-44
162327,Bacani,Femei_35-44
162381,Bacesti,Femei_35-44
162452,Balteni,Femei_35-44
162498,Berezeni,Femei_35-44
162559,Blagesti,Femei_35-44
162595,Bogdana,Femei_35-44
162693,Bogdanesti,Femei_35-44
162791,Bogdanita,Femei_35-44
162871,Botesti,Femei_35-44
162924,Bunesti-Averesti,Femei_35-44
163002,Codaesti,Femei_35-44
163057,Coroiesti,Femei_35-44
163137,Costesti,Femei_35-44
163208,Cretesti,Femei_35-44
163253,Danesti,Femei_35-44
163324,Deleni,Femei_35-44
163379,Delesti,Femei_35-44
163486,Dragomiresti,Femei_35-44
163618,Dranceni,Femei_35-44
163681,Duda-Epureni,Femei_35-44
163734,Dumesti,Femei_35-44
163789,Epureni,Femei_35-44
163832,Falciu,Femei_35-44
163903,Gagesti,Femei_35-44
163967,Gherghesti,Femei_35-44
164062,Garceni,Femei_35-44
164133,Grivita,Femei_35-44
164197,Hoceni,Femei_35-44
164277,Dimitrie Cantemir,Femei_35-44
164339,Iana,Femei_35-44
164393,Ivanesti,Femei_35-44
164543,Ivesti,Femei_35-44
164598,Laza,Femei_35-44
164687,Lipovat,Femei_35-44
164749,Lunca Banului,Femei_35-44
164829,Malusteni,Femei_35-44
164892,Miclesti,Femei_35-44
164936,Muntenii De Jos,Femei_35-44
164981,Oras Murgeni,Femei_35-44
165069,Oltenesti,Femei_35-44
165130,Osesti,Femei_35-44
165185,Padureni,Femei_35-44
165274,Perieni,Femei_35-44
165336,Poienesti,Femei_35-44
165416,Pogana,Femei_35-44
165470,Puiesti,Femei_35-44
165611,Pungesti,Femei_35-44
165719,Rebricea,Femei_35-44
165817,Rosiesti,Femei_35-44
165899,Solesti,Femei_35-44
165979,Stanilesti,Femei_35-44
166057,Stefan Cel Mare,Femei_35-44
166137,Suletea,Femei_35-44
166182,Tanacu,Femei_35-44
166235,Tacuta,Femei_35-44
166315,Tatarani,Femei_35-44
166413,Todiresti,Femei_35-44
166529,Tutova,Femei_35-44
166636,Valeni,Femei_35-44
166672,Vetrisoaia,Femei_35-44
166707,Viisoara,Femei_35-44
166770,Vinderei,Femei_35-44
166869,Voinesti,Femei_35-44
166985,Vulturesti,Femei_35-44
167035,Vutcani,Femei_35-44
167071,Zapodeni,Femei_35-44
167179,Zorleni,Femei_35-44
167222,Ibanesti,Femei_35-44
167231,Fruntiseni,Femei_35-44
167240,Rafaila,Femei_35-44
167259,Pogonesti,Femei_35-44
167268,Ciocani,Femei_35-44
167277,Cozmesti,Femei_35-44
167286,Dodesti,Femei_35-44
167295,Feresti,Femei_35-44
167302,Muntenii De Sus,Femei_35-44
167311,Pochidia,Femei_35-44
167320,Puscasi,Femei_35-44
167473,Municipiul Ramnicu Valcea,Femei_35-44
167641,Oras Baile Govora,Femei_35-44
167696,Oras Baile Olanesti,Femei_35-44
167794,Oras Brezoi,Femei_35-44
167909,Oras Calimanesti,Femei_35-44
167981,Municipiul Dragasani,Femei_35-44
168041,Oras Horezu,Femei_35-44
168130,Oras Ocnele Mari,Femei_35-44
168229,Alunu,Femei_35-44
168309,Amarasti,Femei_35-44
168372,Oras Babeni,Femei_35-44
168452,Oras Balcesti,Femei_35-44
168559,Barbatesti,Femei_35-44
168602,Oras Berbesti,Femei_35-44
168675,Berislavesti,Femei_35-44
168755,Boisoara,Femei_35-44
168791,Budesti,Femei_35-44
168880,Bujoreni,Femei_35-44
168960,Bunesti,Femei_35-44
169039,Cernisoara,Femei_35-44
169119,Caineni,Femei_35-44
169182,Copaceni,Femei_35-44
169253,Costesti,Femei_35-44
169306,Creteni,Femei_35-44
169351,Daesti,Femei_35-44
169404,Danicei,Femei_35-44
169547,Dragoesti,Femei_35-44
169583,Fauresti,Femei_35-44
169681,Fartatesti,Femei_35-44
169896,Francesti,Femei_35-44
169994,Galicea,Femei_35-44
170097,Ghioroiu,Femei_35-44
170168,Glavile,Femei_35-44
170220,Golesti,Femei_35-44
170346,Gradistea,Femei_35-44
170444,Gusoeni,Femei_35-44
170514,Ionesti,Femei_35-44
170612,Lalosu,Femei_35-44
170685,Ladesti,Femei_35-44
170792,Lapusata,Femei_35-44
170872,Livezi,Femei_35-44
170952,Lungesti,Femei_35-44
171021,Malaia,Femei_35-44
171067,Mateesti,Femei_35-44
171101,Maciuca,Femei_35-44
171209,Madulari,Femei_35-44
171272,Maldaresti,Femei_35-44
171325,Mihaesti,Femei_35-44
171469,Milcoiu,Femei_35-44
171539,Muereasca,Femei_35-44
171628,Nicolae Balcescu,Femei_35-44
171806,Olanu,Femei_35-44
171879,Orlesti,Femei_35-44
171931,Otesani,Femei_35-44
171995,Pausesti,Femei_35-44
172082,Pausesti-Maglasi,Femei_35-44
172153,Perisani,Femei_35-44
172279,Pesceana,Femei_35-44
172340,Pietrari,Femei_35-44
172377,Popesti,Femei_35-44
172457,Prundeni,Femei_35-44
172509,Racovita,Femei_35-44
172581,Roesti,Femei_35-44
172698,Rosiile,Femei_35-44
172812,Runcu,Femei_35-44
172894,Salatrucel,Femei_35-44
172947,Scundu,Femei_35-44
172992,Sinesti,Femei_35-44
173061,Slatioara,Femei_35-44
173132,Stanesti,Femei_35-44
173230,Stoenesti,Femei_35-44
173374,Stoilesti,Femei_35-44
173533,Stroesti,Femei_35-44
173597,Sutesti,Femei_35-44
173686,Sirineasa,Femei_35-44
173748,Stefanesti,Femei_35-44
173793,Susani,Femei_35-44
173855,Tetoiu,Femei_35-44
173935,Tomsani,Femei_35-44
174021,Vaideeni,Femei_35-44
174085,Valea Mare,Femei_35-44
174156,Vladesti,Femei_35-44
174218,Voicesti,Femei_35-44
174254,Voineasa,Femei_35-44
174290,Zatreni,Femei_35-44
174496,Titesti,Femei_35-44
174502,Diculesti,Femei_35-44
174511,Lacusteni,Femei_35-44
174520,Mitrofani,Femei_35-44
174744,Municipiul Focsani,Femei_35-44
174780,Campineanca,Femei_35-44
174824,Golesti,Femei_35-44
174860,Municipiul Adjud,Femei_35-44
174922,Oras Marasesti,Femei_35-44
175019,Oras Odobesti,Femei_35-44
175055,Oras Panciu,Femei_35-44
175126,Andreiasu De Jos,Femei_35-44
175206,Balesti,Femei_35-44
175224,Barsesti,Femei_35-44
175260,Boghesti,Femei_35-44
175368,Bolotesti,Femei_35-44
175439,Bordesti,Femei_35-44
175466,Brosteni,Femei_35-44
175509,Chiojdeni,Femei_35-44
175590,Ciorasti,Femei_35-44
175670,Campuri,Femei_35-44
175732,Carligele,Femei_35-44
175787,Corbita,Femei_35-44
175885,Cotesti,Femei_35-44
175938,Dumbraveni,Femei_35-44
175983,Dumitresti,Femei_35-44
176150,Fitionesti,Femei_35-44
176212,Garoafa,Femei_35-44
176301,Gugesti,Femei_35-44
176338,Gura Calitei,Femei_35-44
176445,Homocea,Femei_35-44
176506,Jaristea,Femei_35-44
176551,Jitia,Femei_35-44
176613,Maicanesti,Femei_35-44
176686,Mera,Femei_35-44
176748,Milcovul,Femei_35-44
176793,Movilita,Femei_35-44
176855,Nanesti,Femei_35-44
176891,Naruja,Femei_35-44
176944,Nereju,Femei_35-44
177003,Nistoresti,Femei_35-44
177101,Paltin,Femei_35-44
177236,Paunesti,Femei_35-44
177263,Poiana Cristei,Femei_35-44
177352,Pufesti,Femei_35-44
177405,Racoasa,Femei_35-44
177469,Reghiu,Femei_35-44
177557,Ruginesti,Femei_35-44
177600,Sihlea,Femei_35-44
177655,Slobozia Bradului,Femei_35-44
177726,Slobozia Ciorasti,Femei_35-44
177762,Soveja,Femei_35-44
177799,Straoane,Femei_35-44
177842,Suraia,Femei_35-44
177879,Tanasoaia,Femei_35-44
177986,Tataranu,Femei_35-44
178046,Tamboesti,Femei_35-44
178117,Tulnici,Femei_35-44
178180,Tifesti,Femei_35-44
178279,Urechesti,Femei_35-44
178313,Valea Sarii,Femei_35-44
178377,Vidra,Femei_35-44
178475,Vintileasca,Femei_35-44
178545,Vizantea-Livezi,Femei_35-44
178607,Vanatori,Femei_35-44
178689,Vartescoiu,Femei_35-44
178750,Vrancioaia,Femei_35-44
178821,Vulturu,Femei_35-44
178885,Negrilesti,Femei_35-44
178894,Ploscuteni,Femei_35-44
178901,Popesti,Femei_35-44
178910,Paulesti,Femei_35-44
178929,Biliesti,Femei_35-44
178938,Gologanu,Femei_35-44
178947,Obrejita,Femei_35-44
178956,Rastoaca,Femei_35-44
178965,Spulber,Femei_35-44
179132,Municipiul Bucuresti,Femei_35-44
179221,Oras Bragadiru,Femei_35-44
179249,Chiajna,Femei_35-44
179285,Oras Chitila,Femei_35-44
179310,Dobroesti,Femei_35-44
179347,Glina,Femei_35-44
179383,Jilava,Femei_35-44
179409,Oras Magurele,Femei_35-44
179463,Mogosoaia,Femei_35-44
179481,Oras Otopeni,Femei_35-44
179515,Oras Pantelimon,Femei_35-44
179533,Oras Popesti Leordeni,Femei_35-44
179551,Oras Voluntari,Femei_35-44
179588,Copaceni,Femei_35-44
179604,Poienile Izei,Femei_35-44
179613,Sieu,Femei_35-44
179622,Grosii Tiblesului,Femei_35-44
179631,Treznea,Femei_35-44
179640,Vulcana-Pandele,Femei_35-44
179659,Negrilesti,Femei_35-44
179677,Camin,Femei_35-44
179686,Dumitrita,Femei_35-44
179695,Simisna,Femei_35-44
179702,Traian,Femei_35-44
179711,Vladeni,Femei_35-44
179720,Poiana Ilvei,Femei_35-44
179739,Malu,Femei_35-44
179748,Cosoba,Femei_35-44
179757,Herasti,Femei_35-44
179766,Isvoarele,Femei_35-44
179775,Sabareni,Femei_35-44
179784,Boranesti,Femei_35-44
179793,Buesti,Femei_35-44
179800,Maia,Femei_35-44
179819,Ograda,Femei_35-44
179828,Rosiori,Femei_35-44
179837,Coas,Femei_35-44
179846,Coltau,Femei_35-44
179855,Gardani,Femei_35-44
179864,Oncesti,Femei_35-44
179873,Agris,Femei_35-44
179882,Ciumesti,Femei_35-44
179891,Raciu,Femei_35-44
179908,Pietrari,Femei_35-44
179917,Rau Alb,Femei_35-44
179926,Rascaeti,Femei_35-44
179935,Persinari,Femei_35-44
179944,Runcu Salvei,Femei_35-44
179953,Ciceu- Mihaiesti,Femei_35-44
179962,Galbinasi,Femei_35-44
179971,Colelia,Femei_35-44
179980,Marculesti,Femei_35-44
179999,Moldoveni,Femei_35-44
180000,Platonesti,Femei_35-44
180019,Sarateni,Femei_35-44
180028,Porumbesti,Femei_35-44
180037,Boghis,Femei_35-44
180046,Gura Ialomitei,Femei_35-44
180055,Crivat,Femei_35-44
180064,Barbulesti,Femei_35-44
180091,Racsa,Femei_35-44
